mass,prediction
1723.89,0.930998
1926.28,0.92596
1830.87,0.870049
1909.12,0.987002
1600.93,0.579753
1825.62,0.960421
1828.9,0.778373
1708.2,0.884404
1753.64,0.916558
1715.21,0.884604
1835.24,0.966619
1870.58,0.88747
1709.73,0.773498
1643.88,0.925126
1703.08,0.888466
1857.49,0.950366
1681.48,0.860726
1642.67,0.927173
1900.96,0.927412
1735.23,0.888219
1797.95,0.611015
1701.2,0.953566
1697.81,0.970146
1654.48,0.668292
1673.6,0.904042
1918.15,0.920131
1679.24,0.959767
1639.63,0.678453
1691.56,0.978321
1693.67,0.879127
1932.87,0.940768
1839.06,0.925018
1820.24,0.763194
1801,0.971222
1637,0.900072
1802.9,0.858926
1697.01,0.760439
1709.2,0.982572
1907.16,0.852006
1665.37,0.679006
1894.49,0.95058
1861.05,0.757697
1858.15,0.920561
1709.69,0.967616
1819.36,0.808462
1838.34,0.813102
1945.95,0.950505
1877.1,0.73561
1714.44,0.955858
1720.45,0.837823
1928.6,0.954055
1731.44,0.962699
1888.86,0.97529
1923.46,0.722258
1946.54,0.949995
1736.13,0.946333
1870.38,0.98232
1688.99,0.88594
1942.85,0.84378
1633.18,0.656846
1811.88,0.924214
1707.43,0.788723
1685.38,0.98234
1651,0.969896
1936.83,0.916167
1715.89,0.834531
1855.63,0.921299
1823.59,0.919586
1726.69,0.938623
1847.49,0.704926
1861.19,0.971427
1690.51,0.738146
1675.28,0.872718
1924.85,0.638782
1678.45,0.848757
1849.48,0.98268
1665.58,0.855757
1737.34,0.896142
1827.85,0.96046
1881.16,0.824257
1866.95,0.764647
1854.66,0.766691
1824.93,0.797033
1718.36,0.779026
1680.42,0.939859
1658.08,0.957612
1660.25,0.841135
1930.96,0.76608
1899.48,0.951826
1697.85,0.626589
1728.26,0.917487
1885.24,0.818661
1831.16,0.933594
1907.8,0.920761
1893.41,0.92683
1875.57,0.957965
1627.97,0.965576
1840.37,0.954841
1870.77,0.976339
1880.97,0.903413
1863.49,0.9811
1666.71,0.806496
1621.18,0.967221
1911.77,0.644981
1943.64,0.936617
1827.58,0.71065
1666.34,0.9403
1661.32,0.944231
1807.37,0.920097
1727.93,0.907526
1653.49,0.869447
1805.75,0.692075
1618.87,0.901134
1938.19,0.862855
1853.31,0.675693
1812.01,0.692321
1945.88,0.944443
1905.14,0.981969
1726.08,0.968959
1694.55,0.956884
1647.91,0.923788
1824.04,0.946098
1872.49,0.824239
1907.51,0.914137
1601.2,0.978046
1669.4,0.956634
1714.7,0.864449
1846.26,0.719885
1934.78,0.858392
1806.27,0.990698
1850.98,0.945249
1834.63,0.973462
1921.77,0.919944
1673.33,0.860956
1895.07,0.87646
1682.9,0.660283
1849.78,0.960409
1645.67,0.913421
1857.19,0.897798
1844.86,0.949265
1745.18,0.708248
1848.76,0.831336
1731.04,0.837224
1817.38,0.881475
1903.13,0.923279
1683.71,0.809871
1898.66,0.947031
1610.44,0.928742
1940.78,0.961061
1651.54,0.949023
1919.63,0.915627
1738.13,0.95309
1630.07,0.939214
1815.27,0.92104
1635.96,0.841265
1865.71,0.929321
1637.58,0.875978
1906.36,0.934412
1664.7,0.740955
1674.21,0.771204
1622.6,0.952925
1835.34,0.978671
1856.5,0.918087
1716.04,0.735628
1860.48,0.927851
1848.79,0.946342
1735.12,0.956496
1898.24,0.94323
1837.89,0.579307
1807.57,0.874069
1873.72,0.969281
1619.46,0.972333
1886.38,0.890146
1647.26,0.808989
1720.9,0.975468
1905.12,0.846941
1801.13,0.923437
1847.31,0.826929
1709.53,0.932191
1907.62,0.772559
1702.46,0.857893
1846.44,0.950669
1703.22,0.866823
1842.29,0.904354
1941.86,0.94754
1702.54,0.963713
1703.46,0.935361
1703.21,0.986242
1836.72,0.853128
1629.85,0.951977
1931.24,0.884381
1661.74,0.876736
1731.47,0.9236
1606.27,0.640036
1727.92,0.950949
1897.88,0.886815
1729.69,0.784071
1891.99,0.882944
1624.06,0.914873
1600.04,0.930651
1811.37,0.960146
1731.65,0.766275
1806.87,0.825441
1630.34,0.740204
1948.69,0.988207
1636.41,0.978967
1737.27,0.909339
1870.68,0.977535
1831.62,0.968273
1726.99,0.699201
1817.98,0.719484
1754.86,0.960636
1826.36,0.910876
1633.78,0.990052
1931.3,0.970147
1745.63,0.865162
1827.22,0.676049
1846.59,0.891544
1887.1,0.946828
1877.23,0.936983
1757.07,0.752867
1866.98,0.936065
1845.66,0.913951
1926.47,0.713962
1936.54,0.915096
1637.42,0.752361
1687.25,0.840256
1639.93,0.956365
1866.14,0.979697
1681.1,0.882052
1923.54,0.933241
1653.14,0.644507
1735.46,0.950885
1815.68,0.861781
1874.92,0.892391
1751.31,0.971698
1856.24,0.826145
1817.42,0.924568
1940.58,0.944929
1732.84,0.552734
1648.8,0.679256
1812.46,0.919082
1654.34,0.921326
1615.39,0.903975
1621.27,0.96427
1642.59,0.712267
1643.94,0.971526
1860.86,0.919526
1869.43,0.717593
1944.72,0.614536
1606.36,0.933652
1802.25,0.88502
1912.07,0.960391
1898.58,0.774842
1848.65,0.984029
1728.57,0.980905
1821.81,0.911365
1651.36,0.919778
1888.41,0.892929
1699.97,0.86265
1916.89,0.879211
1898.6,0.988898
1626.61,0.981162
1695.75,0.813955
1677.99,0.848743
1894.37,0.928189
1863.41,0.922312
1939.37,0.946442
1885.3,0.960095
1938.74,0.739011
1810.16,0.960785
1743.96,0.951847
1929.21,0.987113
1851.99,0.67778
1625.13,0.878248
1844.33,0.875396
1815.84,0.945798
1640.22,0.640246
1874.29,0.954943
1717.27,0.547898
1919.61,0.741762
1920.63,0.920748
1822.45,0.873936
1630.59,0.901601
1933,0.570172
1603.26,0.945361
1912.99,0.825635
1947.44,0.929977
1838.45,0.857173
1879.26,0.713612
1811.64,0.916292
1946.42,0.951467
1740.44,0.976825
1840.7,0.923598
1622.49,0.986887
1937.7,0.929016
1713.24,0.788853
1637.75,0.953293
1724.32,0.961644
1836.57,0.963634
1861.52,0.818574
1914.22,0.681605
1700.33,0.772612
1883.51,0.961998
1632.64,0.894431
1668.9,0.899519
1912.05,0.801081
1691.79,0.860307
1830.83,0.983807
1720.26,0.937897
1615.29,0.889861
1705.09,0.879039
1922.95,0.769643
1635.26,0.773548
1653.78,0.703475
1804.55,0.737921
1755.19,0.567442
1869.64,0.944522
1921.72,0.733788
1677.66,0.884055
1715.72,0.609607
1657.77,0.976923
1859.09,0.735363
1655.42,0.875091
1858.42,0.973058
1871.24,0.812088
1926.36,0.987482
1663.09,0.936194
1613.45,0.908563
1688.69,0.869972
1871.61,0.944686
1724.16,0.75787
1850.26,0.663411
1867.61,0.758065
1941.49,0.693597
1888.66,0.983412
1676.33,0.887208
1863.03,0.766657
1710.26,0.965985
1721.88,0.919045
1754.2,0.873541
1886.99,0.884772
1824.33,0.751981
1756.2,0.881879
1721.31,0.586976
1727.34,0.582017
1697.97,0.8642
1605.87,0.615938
1714.01,0.962545
1802.76,0.85781
1949.39,0.81816
1876.64,0.949893
1851.59,0.864043
1747.27,0.92933
1860.5,0.87867
1619.7,0.838725
1749.89,0.874504
1919.83,0.907991
1922.98,0.951361
1697.08,0.957581
1838.7,0.791161
1735.92,0.898731
1735.72,0.896648
1830.39,0.833498
1938.09,0.849606
1883.75,0.937853
1610.61,0.668352
1617.94,0.91815
1705.58,0.860575
1842.59,0.929141
1699.75,0.821467
1829.59,0.965025
1754.08,0.949071
1882.44,0.911722
1661.15,0.861908
1949.12,0.833587
1661.43,0.886338
1820.92,0.934088
1852.57,0.87846
1648.98,0.807193
1925.3,0.61932
1731.48,0.660351
1681.42,0.592419
1691.4,0.799256
1733.74,0.945594
1838.04,0.978483
1637.53,0.684859
1665.08,0.96659
1681.91,0.936177
1833.39,0.674109
1942.81,0.861014
1707.15,0.619434
1812.71,0.930996
1754.27,0.896142
1808.14,0.974505
1828.9,0.921766
1619.64,0.63132
1718.38,0.937797
1852.75,0.820276
1856.54,0.7962
1606.7,0.808288
1849.08,0.846768
1910.33,0.975185
1945.35,0.971699
1926.3,0.574184
1934.95,0.94512
1889.36,0.971369
1723.02,0.664231
1917.16,0.961986
1734.54,0.939875
1736.9,0.780926
1854.09,0.911244
1659.94,0.618853
1938.61,0.797295
1948.37,0.773261
1681.17,0.733788
1630.92,0.861412
1640.71,0.844467
1812.91,0.938346
1622.03,0.727733
1877.26,0.976257
1907.15,0.73418
1904.88,0.811315
1872.05,0.900843
1910.53,0.96623
1864.28,0.625727
1842.79,0.801455
1944.55,0.895309
1720.1,0.921448
1661.52,0.678425
1679.81,0.85569
1859.56,0.894948
1879.73,0.610123
1632.15,0.90785
1623.7,0.965501
1849.41,0.954136
1705.5,0.87531
1801.74,0.576866
1655.34,0.780701
1600.51,0.984239
1854.74,0.924871
1657.02,0.98075
1824.77,0.993537
1822.97,0.927285
1701.77,0.924458
1688.63,0.951899
1743.57,0.703833
1697.32,0.872532
1901.07,0.623626
1821.46,0.834004
1740.13,0.900439
1930.76,0.882328
1867.85,0.925811
1853.32,0.773767
1812.13,0.942922
1865.93,0.912819
1896.01,0.964323
1756.62,0.977779
1938.22,0.928029
1755.92,0.7751
1868.1,0.808338
1826.26,0.900744
1911.83,0.690724
1636.34,0.912114
1609.03,0.874713
1911.39,0.83463
1718.74,0.780659
1897.43,0.959591
1606.19,0.96864
1799.46,0.923077
1829.98,0.781298
1915.17,0.893594
1630.59,0.835576
1937.66,0.979661
1696.49,0.979558
1619.28,0.820177
1663.08,0.958215
1895.99,0.935892
1603.57,0.811498
1912.5,0.899974
1857.74,0.944256
1860.47,0.908284
1918.2,0.951921
1654.99,0.779873
1931.1,0.804502
1731.93,0.927816
1757.38,0.951326
1823.74,0.938433
1915.16,0.958832
1917.44,0.878251
1752.23,0.928038
1935.15,0.957957
1616.63,0.880017
1823.32,0.944894
1612.36,0.964047
1899.06,0.911974
1622.67,0.962108
1714.31,0.962535
1734.96,0.951454
1669.92,0.956169
1799.04,0.961219
1913.09,0.953151
1647.71,0.965703
1829.01,0.936877
1896.8,0.926161
1616.12,0.835038
1623.02,0.706994
1639.23,0.939482
1636.52,0.787837
1722.81,0.946958
1613.97,0.786111
1917.28,0.873802
1639.19,0.887056
1612.58,0.641446
1699.98,0.964513
1873.16,0.898793
1682.72,0.796228
1841.37,0.64493
1698.46,0.773025
1664.54,0.887432
1894.64,0.920064
1839.11,0.664261
1665.36,0.97655
1865.07,0.950277
1617.08,0.702344
1878.35,0.592579
1910.67,0.784911
1821.93,0.823381
1908.45,0.91468
1818.6,0.781882
1743.92,0.85908
1844.42,0.725756
1601.6,0.884271
1662.72,0.952873
1750.35,0.929733
1821.81,0.965348
1623.39,0.761904
1935.85,0.966381
1680.54,0.80187
1889.24,0.861428
1717.7,0.936598
1932.2,0.885695
1802.96,0.650989
1940.73,0.90687
1804.96,0.937209
1848,0.927059
1895.9,0.937325
1832.42,0.862664
1924.38,0.841147
1810.39,0.957296
1884.41,0.934019
1868.1,0.778004
1711.08,0.925948
1600.81,0.65786
1646.58,0.715072
1649.11,0.743469
1610.96,0.930041
1913.75,0.953841
1948.7,0.977529
1633.94,0.621017
1849.36,0.931307
1915.08,0.961118
1884.62,0.959286
1752.27,0.966978
1623.06,0.919624
1861.76,0.808531
1901.44,0.940386
1834.25,0.803054
1812.99,0.878444
1638.66,0.722528
1848.97,0.920062
1930.52,0.925737
1684.92,0.872629
1937.37,0.893517
1830.45,0.982967
1828.56,0.943022
1912.99,0.947105
1719.53,0.952269
1903.26,0.925679
1931,0.945902
1719.95,0.789441
1710.41,0.658403
1658.58,0.945915
1894.03,0.978707
1838.76,0.900636
1935.6,0.900605
1910.35,0.935329
1872.72,0.945767
1928.73,0.928807
1829.8,0.966758
1946.53,0.97844
1811.83,0.973916
1830.96,0.938861
1830.47,0.962737
1660.58,0.873495
1659.88,0.812749
1827.65,0.700234
1845.79,0.882831
1915.39,0.832856
1722.18,0.783479
1833.19,0.990175
1918.17,0.988389
1854.93,0.937154
1846.63,0.618935
1602.49,0.952991
1804.66,0.87349
1633.37,0.860469
1695.78,0.951475
1852.16,0.843312
1738.08,0.98129
1819.94,0.805876
1643.97,0.926648
1931.99,0.731614
1817.48,0.940539
1646.2,0.855572
1730.49,0.946
1612.5,0.973605
1652.05,0.948357
1634.44,0.973271
1858.27,0.943669
1755.68,0.685067
1733.71,0.902123
1710.5,0.94688
1686.68,0.95193
1702.32,0.923765
1628.87,0.901686
1626.08,0.837401
1863.45,0.949296
1894.97,0.929936
1742.76,0.961017
1804.51,0.90224
1856.62,0.849737
1652.73,0.755463
1888.81,0.800651
1900.98,0.787919
1681.82,0.91769
1907.78,0.964177
1747.37,0.613514
1725.63,0.980309
1855.85,0.919542
1690.16,0.611846
1928.8,0.958061
1815.68,0.977261
1616.52,0.909704
1875.2,0.993846
1940.23,0.943426
1888.98,0.957356
1931.08,0.774237
1667.25,0.955889
1802.87,0.960683
1912.59,0.966139
1922.73,0.86527
1841.62,0.801199
1927.35,0.906522
1749.54,0.858193
1862.2,0.982721
1691.85,0.665744
1720.38,0.897279
1714.91,0.549418
1877.12,0.916401
1648.23,0.924732
1856.85,0.934117
1713.1,0.816187
1739.47,0.887598
1666.66,0.951087
1726.39,0.958794
1866.81,0.954869
1910.74,0.807743
1721.57,0.98002
1948.38,0.893086
1841.14,0.95937
1754.16,0.916438
1600.52,0.852549
1736.6,0.937845
1661.1,0.852736
1618.4,0.791795
1695.62,0.825337
1895.12,0.963724
1620.92,0.961779
1724.87,0.963315
1829.92,0.742043
1682.59,0.973841
1731.87,0.969348
1693.91,0.981178
1714.53,0.761981
1928.06,0.589392
1815.97,0.936769
1807.34,0.934549
1837.22,0.893854
1805.92,0.543041
1890.97,0.903163
1833.76,0.957575
1679.45,0.943888
1746.99,0.734327
1735.69,0.772493
1661.8,0.886545
1867.48,0.918126
1601.42,0.864605
1661.02,0.679575
1622.51,0.823297
1946.95,0.858867
1728.29,0.812256
1705.91,0.942515
1652.55,0.966495
1823.56,0.871176
1876.94,0.806365
1900.41,0.892954
1891.95,0.83806
1858.04,0.962454
1845.74,0.932154
1819.92,0.952819
1699.44,0.68878
1676.2,0.968335
1700.33,0.862257
1685.13,0.952456
1673.46,0.81038
1743.9,0.803085
1946.45,0.961237
1874.99,0.970784
1882.43,0.660682
1649.2,0.95854
1927.96,0.918385
1875.89,0.553585
1752.56,0.913908
1614.67,0.686084
1736.46,0.798414
1640.4,0.920111
1806.7,0.835717
1905.75,0.916768
1642.14,0.803325
1836.32,0.893735
1617.79,0.783762
1799.19,0.757647
1808.23,0.885093
1739.27,0.929957
1621.11,0.923136
1650.07,0.945129
1826.75,0.956595
1729.72,0.743693
1611.57,0.919099
1946.16,0.92212
1890.08,0.818631
1728.21,0.967455
1656.54,0.896518
1631.04,0.903974
1874.24,0.941061
1664.81,0.693756
1667.88,0.970902
1845.48,0.858373
1617.82,0.944038
1694.21,0.959055
1696.13,0.939173
1739.49,0.884742
1851.55,0.855781
1687.4,0.925591
1817.08,0.858074
1845.76,0.955904
1870.89,0.93396
1670.73,0.967315
1606.97,0.751225
1885.55,0.746038
1858.09,0.968784
1918.19,0.760599
1840.47,0.839213
1920.03,0.762896
1674.63,0.945407
1874.88,0.965131
1876.27,0.914564
1798.33,0.969298
1682.86,0.870823
1797.96,0.949433
1876.01,0.912538
1691.93,0.92142
1857.88,0.951317
1667.34,0.577371
1703.78,0.879206
1897.92,0.738868
1649.2,0.624535
1624.39,0.852744
1665.2,0.926404
1886.53,0.900543
1613.98,0.938749
1816.73,0.95806
1806.02,0.950499
1618.01,0.747432
1744.71,0.918033
1808.06,0.906883
1941.87,0.880101
1946.02,0.911469
1810.02,0.988078
1893.82,0.959559
1653.01,0.827616
1919.18,0.567787
1893.01,0.915619
1675.9,0.976477
1715.74,0.657371
1650.75,0.867843
1897.1,0.674798
1718.6,0.951637
1705.58,0.879356
1881.3,0.894144
1856.64,0.937223
1915.91,0.946939
1870.74,0.712215
1712.74,0.827389
1886.49,0.754009
1879.61,0.968849
1629.23,0.972344
1903.77,0.728733
1683.77,0.895873
1646.42,0.928852
1931.81,0.980728
1871.05,0.892243
1930.42,0.838968
1882.07,0.83325
1601.3,0.894718
1864.03,0.937938
1899.13,0.809642
1944.12,0.744266
1911.46,0.937607
1655.02,0.801422
1685.32,0.864789
1933.11,0.922682
1746.19,0.768692
1849.23,0.961057
1939.58,0.819465
1730.68,0.947395
1875.78,0.929338
1916.03,0.865467
1677.68,0.938638
1911.2,0.915627
1726.62,0.9039
1627.39,0.94861
1717.95,0.961378
1723.84,0.869195
1943.18,0.965469
1739.28,0.909295
1745.98,0.960122
1690.95,0.687576
1669.68,0.725919
1745.82,0.819819
1697.94,0.850836
1696.17,0.837444
1939.95,0.952091
1909.32,0.865759
1651.22,0.981136
1720.45,0.97851
1750.4,0.878738
1905.02,0.975554
1921.05,0.69209
1856.62,0.956104
1934.43,0.635873
1607.8,0.907031
1736.76,0.631964
1756.77,0.882694
1832.92,0.955827
1632.75,0.919988
1852.62,0.916676
1641.71,0.8012
1704.8,0.693744
1737.91,0.810863
1696.63,0.748172
1891.69,0.704018
1625.23,0.92107
1805.39,0.937576
1845.81,0.943377
1840.39,0.905107
1639.62,0.906806
1650.02,0.947186
1898.96,0.964025
1882.79,0.97488
1814.82,0.964483
1833.99,0.86194
1811.44,0.985276
1723.72,0.937095
1804.55,0.584003
1882.42,0.830695
1896.24,0.804977
1843.49,0.950297
1901.79,0.824215
1802.14,0.892723
1658.97,0.957803
1650.71,0.909481
1854.45,0.566994
1904.58,0.94572
1666.05,0.911702
1620.55,0.892963
1741.81,0.953916
1617.41,0.829795
1687.6,0.974816
1633.48,0.90259
1897.83,0.770532
1926.79,0.885303
1892.76,0.93371
1816.22,0.972019
1677.93,0.929798
1873.59,0.98443
1657.36,0.637324
1736.97,0.951435
1735.75,0.935612
1726.75,0.894186
1694.55,0.883927
1682.6,0.929762
1859.28,0.938323
1652.34,0.721519
1842.86,0.781613
1817.6,0.74508
1718.55,0.566623
1803.49,0.824509
1712.11,0.914554
1904.72,0.955488
1672.94,0.965127
1742.47,0.918598
1943.28,0.945895
1607.8,0.968893
1746.08,0.897524
1878.67,0.86383
1907.79,0.76168
1849.3,0.960707
1623.81,0.705268
1819.69,0.942122
1638.32,0.935506
1706.6,0.952256
1751.65,0.81524
1935.59,0.990404
1824.47,0.96425
1716.3,0.83589
1678,0.947092
1803.07,0.914009
1868.78,0.941773
1837.56,0.889753
1913.02,0.836255
1678.92,0.946687
1880.31,0.837555
1925.93,0.952237
1703.46,0.968916
1741.82,0.789495
1628.14,0.758038
1915.53,0.968699
1733.02,0.939898
1856.35,0.948507
1702.67,0.873612
1937.52,0.919643
1800.62,0.775011
1661.53,0.55669
1810.19,0.615072
1887.37,0.926222
1851.52,0.982223
1756.66,0.879732
1797.79,0.774553
1700.83,0.952134
1634.96,0.976596
1725.31,0.781984
1935.41,0.647742
1942.08,0.990316
1679.82,0.900928
1707.87,0.931249
1748.05,0.603218
1645.63,0.821684
1756.83,0.92828
1654.56,0.961904
1830.65,0.92499
1605.17,0.804113
1915.14,0.909627
1884.81,0.641192
1898.24,0.963962
1601.6,0.913575
1916.8,0.981364
1872.21,0.97407
1621.47,0.731482
1672.89,0.919557
1949.26,0.957775
1930.25,0.701558
1734.37,0.98104
1880.21,0.876597
1835.03,0.645272
1837.48,0.935639
1678.58,0.796214
1808.53,0.920897
1753.47,0.894923
1636.64,0.809265
1714.69,0.908967
1835.64,0.918243
1667.42,0.846602
1897.39,0.932903
1845.29,0.95047
1885.28,0.924978
1674.99,0.869037
1821.63,0.678011
1651.86,0.802507
1902.49,0.837959
1870.12,0.829358
1882.16,0.732998
1891.93,0.990783
1869.91,0.731832
1901.91,0.659944
1646.08,0.789582
1748.92,0.873635
1889.86,0.893612
1664.19,0.573717
1747.13,0.618227
1875.44,0.78271
1652.52,0.939451
1734.81,0.914566
1901.88,0.973854
1728.78,0.938516
1829.41,0.620851
1753.35,0.977491
1868.7,0.872022
1702.18,0.948204
1738.64,0.799766
1875.94,0.843528
1656.43,0.940544
1684.02,0.950718
1612.36,0.580211
1656.62,0.983971
1912.69,0.879051
1807.19,0.909771
1856.01,0.812879
1686.1,0.729492
1861.97,0.661902
1713,0.821436
1856.58,0.919403
1615.51,0.555056
1833.05,0.98725
1942.11,0.740582
1805.94,0.930674
1919.59,0.870779
1940.5,0.624476
1902.01,0.934654
1661.46,0.588681
1645.58,0.925916
1863.03,0.96783
1943.87,0.661309
1715.31,0.968103
1606.39,0.99107
1605.6,0.862461
1884.52,0.79448
1799.53,0.9501
1658.66,0.952916
1646.08,0.879893
1610.99,0.97237
1800.17,0.834986
1629.42,0.860099
1897.57,0.895566
1644.63,0.941918
1726.75,0.977467
1624.01,0.914077
1712.39,0.930283
1835.31,0.716593
1944.91,0.806357
1823.92,0.819624
1661.31,0.672758
1798.99,0.894673
1737.71,0.903316
1902.76,0.938086
1601.12,0.640136
1945.01,0.97811
1945.98,0.919593
1840.2,0.808486
1608.56,0.748043
1672.45,0.954776
1882.99,0.906861
1706.29,0.90471
1748.32,0.929489
1851.1,0.914977
1651.82,0.859355
1655.51,0.952995
1659.06,0.576881
1638.33,0.622129
1737.84,0.853959
1709.57,0.835826
1746.79,0.920521
1948.74,0.899877
1913.5,0.960396
1691.68,0.713644
1741.54,0.942932
1824.43,0.595528
1903.41,0.957748
1661.85,0.841186
1660.61,0.962737
1720.62,0.972148
1944.76,0.835152
1754.13,0.901051
1881.95,0.828487
1600.39,0.880251
1801.19,0.668275
1670.9,0.942996
1852.5,0.93868
1816.27,0.977033
1687.71,0.772061
1691.38,0.784536
1882.44,0.716459
1936.41,0.593226
1713.63,0.612523
1712.9,0.609241
1881.56,0.905186
1626.51,0.682094
1657.83,0.826417
1924.54,0.775077
1654.19,0.759539
1859.16,0.976583
1712.56,0.908741
1820.56,0.794745
1706.71,0.950667
1751.04,0.826695
1736.07,0.870372
1815.41,0.947404
1914.44,0.826875
1868.63,0.945327
1812.28,0.861956
1827.47,0.876079
1881.59,0.883068
1806.85,0.675054
1716.62,0.959879
1861.51,0.951321
1633.95,0.966832
1879.55,0.932731
1864.56,0.932389
1628.23,0.919427
1838.23,0.943632
1675.6,0.848958
1813.33,0.964704
1684.08,0.940859
1837.36,0.931472
1637.82,0.90967
1644.87,0.960549
1815.05,0.969644
1922.56,0.923595
1706.47,0.926808
1859.21,0.817621
1831.23,0.956077
1702.9,0.954066
1688.16,0.892556
1663.94,0.936081
1744.05,0.905298
1692.79,0.922487
1600.74,0.92051
1911.55,0.932186
1914.26,0.755605
1949.35,0.902599
1691.5,0.924335
1822.01,0.892123
1631.89,0.613164
1664.95,0.764726
1800.44,0.953508
1825.32,0.958608
1886.84,0.739232
1642.7,0.646283
1739.06,0.941205
1637.8,0.890737
1814.39,0.85973
1819.42,0.932661
1946.33,0.899838
1736.87,0.964546
1625.84,0.924412
1832.99,0.942187
1870.51,0.770414
1673.85,0.934662
1708.13,0.953334
1842.74,0.966521
1896.28,0.861085
1942.26,0.776667
1798.21,0.787701
1877.78,0.969206
1659.12,0.670677
1872.37,0.869242
1748.93,0.881408
1719.16,0.943605
1814.53,0.667438
1885.72,0.953586
1626.56,0.875931
1662.01,0.880947
1908.35,0.898295
1890.95,0.803423
1652.62,0.552719
1697.72,0.988674
1903.12,0.910576
1852.35,0.857567
1629.3,0.994944
1659.82,0.946795
1921.25,0.733757
1927.1,0.772092
1683.42,0.671725
1854.99,0.885508
1751.26,0.966803
1753.97,0.932668
1718.81,0.978868
1898.94,0.875794
1754.86,0.953682
1934.31,0.876058
1834.88,0.895734
1922.76,0.935128
1608.14,0.747696
1654.63,0.900923
1637.34,0.954633
1656.76,0.879224
1740.12,0.896234
1736.89,0.895269
1903.93,0.954449
1678.69,0.854208
1920.98,0.825613
1703.38,0.565046
1873.57,0.974197
1741.08,0.956381
1648.52,0.97128
1722.24,0.926321
1618.87,0.875391
1871.9,0.868142
1935.19,0.969059
1691.12,0.83017
1946.58,0.958822
1613.39,0.711718
1925.02,0.949165
1853.63,0.634609
1669.13,0.879258
1865.58,0.969085
1936.31,0.961746
1642.4,0.972061
1679.44,0.526983
1932.93,0.867902
1738.29,0.745476
1678.55,0.577449
1646.94,0.95712
1947.67,0.913838
1906.91,0.888071
1806.69,0.872979
1610.41,0.906421
1617.77,0.879048
1863.95,0.981091
1715.81,0.906928
1873.14,0.929554
1638.65,0.773025
1797.78,0.862448
1872.82,0.950444
1943.02,0.877921
1898.84,0.752658
1903.37,0.753709
1803.71,0.790406
1915.37,0.812228
1719.31,0.806913
1738.45,0.932186
1670.47,0.84687
1868.83,0.697092
1644.89,0.963935
1604.33,0.87849
1638.89,0.926397
1645.49,0.978084
1945.87,0.818939
1715.71,0.671216
1912.52,0.883621
1640.75,0.669813
1676.02,0.935486
1896.85,0.856932
1710.7,0.866803
1876.44,0.954134
1725.2,0.949787
1835.36,0.852217
1937.75,0.842667
1930.11,0.893788
1819.8,0.905061
1656.54,0.970226
1815.13,0.872091
1922.89,0.677524
1838.85,0.976165
1625.25,0.895757
1603.34,0.886269
1858.79,0.735708
1940.79,0.866958
1881.87,0.955641
1825.56,0.962385
1815.39,0.951686
1874.45,0.673571
1876.24,0.960704
1833.46,0.931024
1813.21,0.960239
1745.99,0.874616
1704.06,0.958043
1739.67,0.975647
1938.07,0.907246
1889.93,0.93141
1620.51,0.967513
1948.23,0.72077
1843.24,0.967654
1806.91,0.755487
1929.47,0.909807
1604.53,0.962633
1840.09,0.916358
1841.9,0.838883
1735.1,0.981499
1750.94,0.92459
1614.47,0.968335
1688.78,0.920377
1612.19,0.903472
1886.06,0.913531
1867.4,0.967173
1610.01,0.885293
1634.69,0.901643
1697.96,0.93716
1700.48,0.893796
1818.94,0.889301
1672.43,0.9748
1861.67,0.73726
1715.27,0.94556
1634.58,0.854456
1804.88,0.791247
1832.28,0.990754
1627.07,0.797601
1650.87,0.896107
1819.31,0.817984
1729.02,0.790627
1813.96,0.773399
1851.89,0.977998
1810.65,0.877649
1932.16,0.940454
1701.8,0.775957
1910.67,0.934155
1910.42,0.862163
1671.87,0.859307
1676.77,0.950246
1839.42,0.872541
1743.32,0.93162
1643.84,0.678395
1646.42,0.895929
1683.38,0.946587
1844.33,0.945582
1934.82,0.895097
1906.38,0.925993
1628.21,0.982768
1812.29,0.869515
1693.9,0.769984
1823.93,0.747053
1729.98,0.955966
1638.34,0.757981
1827.24,0.556627
1716.04,0.922347
1749.14,0.965871
1899.77,0.957343
1656.37,0.631232
1917.47,0.959355
1845.4,0.966911
1893.69,0.752856
1686.26,0.848308
1647.08,0.967692
1884.17,0.6732
1742.75,0.98177
1704.84,0.972566
1633.64,0.977692
1684.88,0.969706
1697.3,0.823614
1704.71,0.63354
1620.91,0.897898
1728.55,0.910524
1866.41,0.891607
1711.44,0.864726
1689.7,0.9595
1727.92,0.90646
1850.06,0.876951
1710.95,0.834164
1720.3,0.958617
1814.57,0.898445
1861.91,0.977332
1924.28,0.950918
1692.93,0.607278
1613.51,0.775246
1847.61,0.871627
1839.12,0.81259
1913.59,0.838756
1707.25,0.730801
1945.13,0.979365
1944.51,0.95243
1683.68,0.968587
1736.01,0.86176
1798.53,0.889877
1613.6,0.970417
1752.81,0.919729
1742.2,0.941423
1903.19,0.937573
1713.99,0.911257
1711.14,0.7314
1928.61,0.91407
1677.35,0.842401
1728.67,0.974926
1746.35,0.863936
1740.72,0.750795
1925.21,0.944583
1864.8,0.890528
1938.83,0.938222
1822.55,0.66393
1716.97,0.782695
1634.29,0.852852
1833.64,0.851029
1742.68,0.90604
1656.8,0.803731
1907,0.970422
1692.21,0.953282
1813.4,0.886103
1835.36,0.776904
1736.28,0.9227
1644.43,0.736357
1650.74,0.923935
1917.56,0.932066
1937.7,0.951039
1732.53,0.939321
1845.68,0.923271
1624.1,0.844594
1741.55,0.970604
1856.08,0.878862
1646.01,0.76985
1895.6,0.605194
1612.82,0.93061
1672.25,0.78586
1814.9,0.690161
1878.02,0.903115
1912.43,0.915186
1731.17,0.981829
1739.95,0.924684
1730.39,0.969694
1851.62,0.99192
1719.55,0.607285
1948.65,0.970256
1609.44,0.805383
1756.3,0.937959
1716.86,0.957947
1924.21,0.957081
1725.98,0.662265
1678.1,0.940647
1696.28,0.890659
1696.54,0.837623
1872.44,0.828957
1643.83,0.938169
1701.81,0.941341
1929.57,0.879641
1679.6,0.855632
1734.83,0.850723
1640.74,0.937483
1866.24,0.942103
1746.58,0.827052
1923.42,0.818458
1656.14,0.917742
1684.99,0.802702
1799.64,0.866529
1651.69,0.948189
1654.54,0.93225
1871.31,0.710863
1714.57,0.938044
1921.83,0.761266
1678.74,0.802442
1674.45,0.862914
1893.42,0.862944
1811.49,0.877672
1692.49,0.813445
1749.89,0.916088
1628.85,0.792786
1892.63,0.857926
1934.94,0.927703
1645.48,0.817797
1835.18,0.966502
1649.16,0.9505
1809.61,0.898538
1862.98,0.974937
1696.28,0.930641
1740.44,0.931549
1869.04,0.934492
1930.63,0.767651
1849.58,0.95958
1744.6,0.821161
1828.42,0.788031
1610.69,0.97859
1854.05,0.948399
1627.47,0.966861
1846.84,0.862815
1801.04,0.940355
1641.52,0.951178
1639.01,0.940451
1648.3,0.911919
1857.89,0.97866
1884.99,0.763867
1845.2,0.950502
1632.38,0.758239
1917.69,0.667835
1802.08,0.632689
1938.31,0.847225
1912.33,0.877931
1823.33,0.77331
1902.76,0.987735
1720.29,0.836834
1712.5,0.883732
1704.49,0.956933
1818.11,0.974684
1702.71,0.603885
1705.73,0.947316
1635.36,0.819226
1631.8,0.847179
1921.22,0.92142
1861.05,0.961502
1869.09,0.878386
1641.92,0.966867
1662.14,0.915739
1617.13,0.949583
1640.28,0.844608
1838.39,0.962976
1643.03,0.925628
1900.81,0.970144
1729.54,0.792144
1887.22,0.945228
1733.34,0.579049
1935.51,0.887124
1860.03,0.868149
1684.93,0.894808
1643.84,0.904762
1931.09,0.951139
1744.75,0.794379
1642.19,0.991206
1690.52,0.880339
1851.85,0.72931
1605.14,0.954492
1664.11,0.705775
1932.62,0.972834
1661.34,0.973757
1671.97,0.79794
1722.06,0.985445
1602.35,0.739296
1891.33,0.954031
1709.2,0.934642
1654.14,0.752946
1945.66,0.940685
1667.93,0.905252
1742,0.960238
1646.37,0.681091
1887.44,0.942157
1925.64,0.692895
1845.43,0.906567
1684.72,0.649346
1897.56,0.911746
1722.57,0.565884
1724.25,0.952075
1605.15,0.85471
1891.57,0.972953
1855.88,0.983486
1910.26,0.886136
1672.26,0.96912
1690.5,0.84704
1829.8,0.597463
1753.26,0.883549
1862.1,0.859664
1687.03,0.956933
1739.52,0.937712
1717.44,0.972691
1919.86,0.595447
1928,0.825345
1871.83,0.881956
1821.45,0.878168
1687.8,0.857942
1696.74,0.769148
1754.73,0.885012
1617.4,0.815338
1943.37,0.784587
1854.73,0.741696
1948.79,0.874866
1941.99,0.947145
1641.52,0.961398
1719.64,0.876763
1665.57,0.960947
1678.08,0.878898
1602.22,0.884212
1901.66,0.891744
1663.97,0.917416
1708.02,0.974595
1928.29,0.948763
1643.88,0.901487
1725.59,0.770549
1944.29,0.801782
1739.39,0.964614
1698.97,0.913568
1741.53,0.926629
1692.19,0.943039
1817.34,0.849073
1908.52,0.944463
1711.31,0.968907
1817.38,0.922485
1632.43,0.987365
1926.05,0.879464
1856.47,0.803799
1685.09,0.742478
1885.99,0.980843
1945.3,0.839957
1733.99,0.78548
1889.57,0.742564
1943.14,0.898868
1900.23,0.756631
1824.28,0.955957
1613.91,0.961583
1644.54,0.947483
1935.22,0.784028
1752.66,0.748791
1751.31,0.776509
1602.11,0.942684
1891.15,0.910323
1833.91,0.935047
1822.18,0.927275
1799.03,0.928381
1842.1,0.846805
1650.79,0.930956
1724.78,0.748737
1746.59,0.977245
1636.9,0.89417
1920.83,0.625268
1744.68,0.95705
1897.07,0.959916
1880.74,0.874505
1872.55,0.883224
1663.09,0.883983
1644.66,0.89611
1823.89,0.820865
1812.23,0.9393
1842.76,0.966435
1859.84,0.964631
1909.33,0.896842
1824.07,0.66995
1828.88,0.820725
1673.61,0.882836
1893.66,0.897583
1683.53,0.957377
1798.59,0.653095
1861.16,0.885528
1820.68,0.867959
1721.79,0.976144
1700.24,0.854752
1880.19,0.81724
1878.27,0.763467
1850.65,0.932838
1844.81,0.962336
1836.56,0.633372
1856.46,0.740708
1884.64,0.935825
1836.73,0.903258
1756.73,0.949696
1899.05,0.892941
1932.47,0.925458
1738.23,0.599862
1847.02,0.941491
1906.64,0.850891
1748.49,0.909081
1713.13,0.951463
1902.98,0.9657
1843.54,0.862172
1897.62,0.972511
1836.58,0.818444
1820.19,0.974833
1620.73,0.941759
1731.96,0.754415
1882.31,0.970041
1910.58,0.882108
1806.21,0.742944
1601.96,0.971513
1814,0.891106
1822.7,0.960839
1692.45,0.824344
1899.73,0.588314
1696.6,0.826674
1691.45,0.83886
1613.62,0.965416
1688.88,0.929527
1708.99,0.947764
1804.46,0.701511
1915.66,0.933432
1751.32,0.945529
1673.97,0.8742
1897.93,0.967028
1708.22,0.864862
1927.85,0.671404
1818.23,0.807081
1826.17,0.973847
1853.92,0.958273
1808.08,0.929169
1703.07,0.931933
1659.64,0.604777
1667.73,0.583177
1817.48,0.775031
1930.78,0.831876
1844.45,0.790932
1875.56,0.959684
1622.34,0.954014
1720.44,0.969297
1632.3,0.670713
1652.56,0.786795
1750.48,0.93501
1681.63,0.761622
1611.52,0.922678
1709.63,0.954598
1622.9,0.917065
1937.21,0.841802
1696.61,0.947543
1882.97,0.981911
1942.3,0.939821
1852.77,0.945982
1649.68,0.894979
1830.62,0.940176
1912.59,0.945304
1866.24,0.677222
1626.44,0.977291
1823.85,0.856818
1886.33,0.817671
1750.12,0.845488
1688.26,0.786589
1669.64,0.908424
1729.2,0.810094
1843.47,0.967745
1611.48,0.872789
1904.35,0.90653
1725.33,0.609677
1717.34,0.93958
1682.44,0.86308
1870.16,0.934497
1902.27,0.672541
1868.77,0.949341
1643.19,0.81801
1923.59,0.920183
1740.51,0.927945
1836.57,0.932554
1669.82,0.944034
1718.89,0.878741
1641.16,0.820827
1676.88,0.922338
1831.65,0.545117
1671.28,0.908103
1867.21,0.936801
1688.79,0.957621
1603.02,0.63856
1908.94,0.907766
1724.12,0.968459
1699.89,0.925865
1667.21,0.934603
1801.41,0.982217
1616.86,0.91219
1685.79,0.755332
1684.52,0.943235
1826.85,0.612272
1693.32,0.922362
1833.93,0.855292
1755.5,0.9718
1745.65,0.896313
1807.01,0.926377
1835.23,0.785794
1867.05,0.928969
1680.53,0.856662
1746.99,0.891782
1930.81,0.533587
1689.53,0.93215
1677.34,0.797979
1686.96,0.956916
1812.5,0.871433
1607.86,0.963384
1728.58,0.826531
1856.53,0.891021
1936.79,0.660142
1670.87,0.968961
1627.97,0.964676
1634.99,0.722595
1741.25,0.96699
1668.74,0.92349
1752.22,0.949836
1809.06,0.820019
1821.46,0.945707
1699.3,0.964423
1654,0.863795
1810.03,0.978909
1949.39,0.768102
1726.46,0.735985
1853.4,0.989835
1655.08,0.952852
1725.37,0.928519
1818.53,0.936759
1724.2,0.956521
1934.61,0.833687
1730.27,0.933885
1887.53,0.865087
1907.35,0.752786
1698.38,0.901723
1678.64,0.948705
1913.31,0.948894
1843.7,0.948844
1668.58,0.996956
1745.13,0.889548
1729.48,0.935011
1728.19,0.93396
1934.88,0.968221
1812.03,0.785453
1746.53,0.878194
1661.36,0.924654
1730.17,0.899622
1887.16,0.970589
1619.43,0.934193
1677.63,0.853802
1608.5,0.926211
1706.05,0.734592
1824.55,0.897714
1912.05,0.827889
1824.49,0.884751
1938.42,0.970237
1605.11,0.795381
1738.83,0.987081
1608.65,0.9314
1923.78,0.948583
1884.7,0.636621
1900.33,0.836556
1657.1,0.624019
1619.72,0.953988
1747.18,0.88292
1868,0.815427
1945.55,0.975105
1845.71,0.976923
1909.82,0.982194
1859.94,0.75716
1926.43,0.715754
1899.85,0.783174
1755.81,0.949237
1921.48,0.946745
1611.03,0.623177
1936.21,0.959164
1724.62,0.906278
1730.84,0.947837
1639.12,0.672101
1720.38,0.88602
1925.76,0.925164
1855.75,0.934984
1744.63,0.887006
1865.61,0.720513
1609.69,0.912037
1750.86,0.836992
1814.64,0.90451
1658.39,0.944218
1672.36,0.867114
1756.99,0.973893
1655.3,0.849117
1604.22,0.985284
1873.02,0.964964
1639.34,0.901321
1731.81,0.913314
1903.93,0.981967
1834.31,0.946262
1699.34,0.920345
1661.11,0.812483
1622.94,0.957677
1694.25,0.939099
1822.2,0.86978
1828.92,0.902108
1681.58,0.9528
1694.14,0.977979
1858.98,0.966668
1831.09,0.66385
1949.29,0.700273
1640.72,0.876922
1937.03,0.903858
1692.16,0.948715
1649.3,0.870127
1667.78,0.592859
1684.69,0.765937
1707.96,0.952726
1882.38,0.949374
1708.52,0.846675
1881.48,0.895987
1695.37,0.864667
1846.14,0.734579
1724.96,0.911975
1637.62,0.927899
1724.78,0.869224
1620.55,0.951714
1944.98,0.914691
1858.65,0.866434
1752.17,0.555665
1703.85,0.930008
1864.02,0.915771
1748,0.735612
1874.72,0.966527
1624.69,0.565878
1946.88,0.813937
1745.98,0.575248
1637.56,0.952212
1906.51,0.869117
1871.42,0.916142
1802.62,0.945604
1719.13,0.909553
1844.93,0.884408
1839.69,0.973474
1864.07,0.762338
1925.13,0.864069
1835.17,0.69926
1628.84,0.925956
1697.44,0.87521
1668.22,0.877183
1694.41,0.590982
1626.42,0.921525
1654.29,0.858708
1621.06,0.885805
1730.37,0.891326
1928.75,0.90894
1831,0.884958
1658.28,0.875559
1828.99,0.928864
1916.99,0.841628
1631.73,0.98096
1855.27,0.929233
1913.22,0.959539
1617.2,0.948898
1698.48,0.561535
1693.34,0.839367
1710.66,0.925704
1612.07,0.856202
1679,0.966903
1634.03,0.571743
1748.36,0.954727
1909.23,0.921076
1629.19,0.764091
1898.97,0.840832
1852.95,0.913087
1809.2,0.672293
1937.13,0.894615
1947.68,0.77727
1809.57,0.570687
1946.4,0.915967
1915.66,0.942574
1879.95,0.964788
1935.87,0.660829
1649.03,0.948859
1692.47,0.935369
1849.18,0.751029
1734.87,0.964558
1753.71,0.877812
1700.32,0.974748
1874.98,0.807673
1874.79,0.929634
1804.76,0.9372
1670.27,0.840715
1608.23,0.664185
1687.99,0.946092
1804.73,0.924202
1606.59,0.831352
1840.52,0.931478
1718.72,0.851282
1747.21,0.911956
1852.3,0.839543
1808.92,0.941547
1624.78,0.958192
1832.91,0.693643
1881.1,0.924668
1807.1,0.772127
1691.3,0.972107
1893.47,0.739461
1855.8,0.670023
1628.35,0.972589
1829.68,0.975462
1663.72,0.851919
1837.27,0.926552
1906.21,0.932944
1708.71,0.959595
1944.05,0.645117
1726.2,0.908359
1600.69,0.727738
1883.19,0.904882
1671.46,0.930817
1902.13,0.868829
1723,0.932113
1610.7,0.930004
1948.35,0.925235
1661.41,0.934762
1732.73,0.915592
1900.5,0.942217
1802.12,0.732502
1647.63,0.610407
1938.92,0.891523
1916.24,0.949527
1887.87,0.945156
1659.02,0.804913
1685.93,0.943753
1856.66,0.966075
1636.32,0.807818
1895.22,0.795028
1804.15,0.927039
1708.39,0.909383
1838.93,0.910544
1947.1,0.973603
1858.4,0.847989
1852.83,0.891339
1686.18,0.908735
1899.76,0.944629
1850.16,0.862707
1946.41,0.865445
1648.31,0.860591
1897.91,0.956018
1757.28,0.852345
1620.06,0.726374
1726.49,0.894832
1888.89,0.937399
1813.31,0.92055
1682.12,0.918592
1735.55,0.715129
1730.98,0.934466
1912.8,0.907419
1912.15,0.734308
1650.89,0.933778
1936.37,0.919357
1638.68,0.938841
1872.44,0.787186
1911.03,0.904938
1618.01,0.900888
1884.25,0.991537
1840.46,0.99378
1651.98,0.897304
1914.99,0.847432
1676,0.549829
1654.7,0.957125
1833.55,0.959647
1831.08,0.936035
1620.12,0.920521
1624.07,0.951157
1900.77,0.587344
1716.31,0.637767
1677.84,0.960037
1713.23,0.880393
1670.47,0.893824
1603.53,0.973679
1942.41,0.681248
1870.08,0.954818
1639.33,0.835893
1808.89,0.735836
1603.47,0.626814
1911.46,0.929573
1682.05,0.93176
1928.99,0.646575
1756.15,0.933574
1920.57,0.793355
1739.21,0.960323
1867.61,0.961858
1689.97,0.940457
1688.34,0.85724
1617.95,0.696184
1823.62,0.82465
1685.31,0.562269
1702.11,0.818021
1638.91,0.954136
1930.14,0.746243
1852.01,0.990808
1938.24,0.875727
1944.38,0.965262
1944.51,0.905224
1854.72,0.946582
1726.34,0.803825
1752.85,0.867457
1699.98,0.888211
1944.51,0.949912
1829.15,0.792276
1615.34,0.946334
1629.48,0.932977
1737.95,0.770969
1806.12,0.938388
1808.74,0.891963
1887.22,0.85749
1670.75,0.941377
1648.94,0.98411
1625.1,0.823987
1698.41,0.598225
1931.35,0.937895
1941.48,0.970636
1906.41,0.977123
1600.44,0.853673
1632.52,0.875207
1855.33,0.944703
1647.57,0.92471
1923.99,0.923242
1869.48,0.957899
1608.74,0.961621
1904.52,0.584996
1745.38,0.939055
1946.69,0.98997
1666.15,0.89183
1751.47,0.79892
1834.13,0.689155
1731.59,0.689721
1802,0.975668
1604.9,0.94836
1918.3,0.965003
1901.92,0.598023
1636.68,0.725638
1821.29,0.8962
1814.34,0.886699
1904.02,0.933941
1797.87,0.993444
1903.12,0.862079
1850.67,0.876346
1606.54,0.917171
1727.73,0.916477
1655.03,0.936061
1920.61,0.900551
1641.27,0.847572
1737.3,0.933591
1812.21,0.969291
1806.04,0.822948
1809.3,0.939222
1710.57,0.929694
1803.59,0.934929
1824.47,0.950367
1653.97,0.868709
1665.41,0.893483
1610.68,0.949368
1869.83,0.949067
1718.58,0.975243
1887.22,0.617952
1725.43,0.795485
1720.78,0.967121
1653.14,0.939477
1798.19,0.902855
1804.88,0.94562
1842.16,0.889593
1665.91,0.942393
1863.34,0.738643
1741.92,0.930423
1693.02,0.811426
1675.12,0.890695
1639.85,0.838289
1670.61,0.593251
1704.49,0.885038
1902.81,0.615364
1728.59,0.552183
1612.6,0.915407
1820.65,0.921321
1809.29,0.790035
1893.51,0.939715
1684.59,0.983035
1692.87,0.893193
1940.56,0.873546
1706.65,0.869611
1726.78,0.983698
1799.56,0.869759
1620.34,0.872571
1709.89,0.779177
1639.07,0.810697
1932.56,0.951195
1890.33,0.887984
1658.51,0.980148
1679.16,0.957588
1676.49,0.627161
1700.47,0.694943
1885.67,0.906972
1685.25,0.942098
1893.94,0.708372
1716.9,0.93204
1911.45,0.916996
1869.59,0.91135
1903.98,0.82671
1906.25,0.815558
1943.61,0.812472
1672.58,0.636043
1732.96,0.556464
1620.59,0.94192
1831.25,0.90003
1927.04,0.720661
1655.63,0.980449
1930,0.931979
1825.15,0.768708
1916.06,0.862763
1618.64,0.602415
1641.81,0.932622
1750.89,0.96408
1686.12,0.893736
1622.09,0.935759
1803.65,0.932035
1736.65,0.713687
1913.29,0.970218
1860.55,0.814956
1903.94,0.559607
1695.06,0.853375
1868.44,0.758174
1836.24,0.918174
1893.38,0.952876
1658.97,0.984597
1932.83,0.917839
1757.32,0.926818
1845.55,0.9511
1893.93,0.90415
1884.37,0.941326
1655.2,0.94605
1658.22,0.844999
1672.81,0.968987
1848.45,0.859309
1657.68,0.586238
1626.76,0.894378
1934.79,0.907197
1907.84,0.883193
1756.43,0.970038
1807.51,0.931507
1629.41,0.916646
1881.89,0.926378
1882.26,0.90026
1893.85,0.949955
1807.46,0.591147
1661.54,0.805333
1652.92,0.989002
1915.32,0.821622
1695.59,0.922864
1814.26,0.927823
1720.45,0.649847
1877.18,0.946064
1738.13,0.698223
1623.11,0.812503
1872.98,0.927733
1665.8,0.611054
1664.01,0.856933
1806.8,0.900863
1920.36,0.84693
1715.1,0.650736
1639.91,0.665756
1858.87,0.850309
1716.15,0.735908
1852.23,0.841367
1949.14,0.872978
1813.6,0.855136
1915.77,0.896475
1876.57,0.853897
1875.31,0.964122
1749.8,0.922015
1914.54,0.805804
1699.51,0.842003
1695.22,0.916881
1898.62,0.9662
1931.01,0.876536
1899.7,0.652335
1738.8,0.976155
1941.69,0.942297
1704.99,0.848433
1902.41,0.596294
1876.62,0.980253
1857.72,0.980564
1843.41,0.908762
1745.31,0.964206
1604.86,0.794459
1802.7,0.915116
1823.61,0.83647
1914.49,0.732925
1666.85,0.921877
1637.65,0.59711
1692,0.84618
1816.33,0.875702
1915.9,0.950659
1872.24,0.792318
1799.32,0.832818
1799.37,0.915039
1832.25,0.879849
1943.04,0.867742
1808.51,0.964911
1810.56,0.84821
1723.33,0.709881
1826.09,0.967291
1712.61,0.936844
1690.71,0.879317
1899.43,0.905926
1939.83,0.819216
1804.39,0.945304
1886.09,0.945343
1806.35,0.573042
1811.62,0.923013
1913.3,0.680926
1643.76,0.531077
1866.6,0.911451
1635.99,0.849091
1608.71,0.753644
1800.56,0.986474
1610,0.912892
1881.7,0.890402
1928.57,0.957253
1898.2,0.750818
1606.83,0.807679
1823.95,0.757793
1867.21,0.926051
1821.91,0.935888
1808.47,0.786379
1804.98,0.880515
1866.72,0.907883
1908.79,0.934954
1949.81,0.826468
1639.52,0.970941
1720.06,0.838154
1623.62,0.894792
1678.69,0.875629
1943.36,0.732239
1892.82,0.890541
1865.08,0.88956
1706.95,0.912564
1751.52,0.704122
1704.2,0.942293
1887.51,0.781781
1658.87,0.729344
1658.83,0.832527
1697.19,0.978084
1922.86,0.918319
1873.36,0.942548
1852.96,0.881596
1888.92,0.894163
1933.73,0.952415
1886.36,0.745973
1705.28,0.917967
1687.05,0.884631
1638.75,0.885588
1674.27,0.697672
1653.12,0.594837
1859.07,0.972685
1842.25,0.953415
1689.6,0.916544
1907.2,0.891233
1892.39,0.718081
1856.34,0.954791
1709.94,0.854003
1838.16,0.895559
1896.46,0.975969
1623.25,0.962147
1875.62,0.945938
1935.45,0.831126
1895.42,0.940081
1828.19,0.949675
1708.44,0.934367
1843.73,0.896719
1831.54,0.976544
1681.41,0.800745
1741.84,0.947571
1690.11,0.945692
1929.26,0.93927
1616.31,0.740482
1738.74,0.974081
1848.73,0.851158
1648.39,0.588238
1625.4,0.636861
1877.32,0.944298
1833.73,0.795097
1618.88,0.968072
1836.13,0.883364
1865.82,0.952016
1752.65,0.915578
1748.25,0.927101
1891,0.90844
1802.03,0.744706
1833.84,0.62009
1853.8,0.902251
1658.41,0.866237
1749.97,0.931019
1888.21,0.963799
1688.97,0.953675
1728.38,0.56347
1658.36,0.803
1837.48,0.959943
1887.23,0.528717
1853.59,0.947323
1855.21,0.95788
1751.55,0.910269
1601.87,0.938015
1873.44,0.967821
1632.13,0.849929
1903.59,0.954224
1890.71,0.912321
1652.54,0.914155
1737.61,0.939046
1629.44,0.860314
1643.08,0.708621
1683.4,0.949745
1630.96,0.89752
1940.16,0.962741
1753.47,0.923165
1904.7,0.905028
1658.93,0.949636
1650.12,0.860378
1650.77,0.965749
1819.35,0.723442
1877.61,0.889318
1620.28,0.990624
1709.11,0.877077
1836.41,0.737341
1676.86,0.944445
1826.85,0.929215
1703.13,0.943501
1949.96,0.858332
1864.71,0.956054
1709.98,0.917546
1638.17,0.887439
1877.78,0.822828
1811.19,0.949152
1668.2,0.944695
1840.29,0.835949
1753.53,0.826631
1849.73,0.751674
1667.89,0.76127
1843.99,0.895785
1865.27,0.796062
1892.85,0.917193
1849.7,0.979878
1713.33,0.931331
1901.25,0.903961
1749.95,0.766793
1605.95,0.9063
1695.29,0.894605
1723.52,0.937238
1700.15,0.749184
1849.46,0.867821
1621.33,0.700975
1688.35,0.982888
1616.18,0.961873
1633.48,0.793695
1667.27,0.945992
1896.29,0.656079
1617.72,0.948655
1814.14,0.922822
1828.34,0.893426
1637.07,0.540631
1655.61,0.923034
1871.86,0.91821
1914.38,0.950281
1937.35,0.891442
1729.75,0.550881
1602.07,0.811108
1890.22,0.850698
1833.74,0.993931
1658.2,0.723492
1797.94,0.95669
1924.13,0.909004
1855.91,0.935436
1844.66,0.971294
1874.49,0.880152
1621.71,0.846774
1625.1,0.898119
1754.23,0.81817
1705.95,0.71687
1798.36,0.970865
1673.81,0.904757
1672.48,0.923592
1854.8,0.547035
1812.55,0.921926
1726.91,0.85346
1827.81,0.888382
1742.47,0.593879
1883.74,0.874511
1935.6,0.942427
1692.98,0.849261
1899.6,0.83235
1884.07,0.961589
1705.06,0.920831
1710.55,0.930354
1743.48,0.967168
1861.97,0.969317
1893.3,0.986641
1848.28,0.972149
1724.08,0.850528
1620.2,0.750459
1614.59,0.864484
1637.47,0.880035
1729.79,0.915436
1753.24,0.963689
1920.47,0.909515
1626.77,0.973461
1911.05,0.896349
1681.31,0.936661
1662.65,0.721211
1931.18,0.899437
1873.84,0.947775
1696.49,0.901143
1752.91,0.944605
1859.71,0.800831
1913.1,0.95762
1659.52,0.640165
1670.22,0.830077
1945.18,0.944748
1852.65,0.811865
1753.68,0.90217
1922.58,0.828703
1836.96,0.767287
1827.07,0.775408
1840.49,0.875381
1803.65,0.918091
1890.18,0.590408
1695.61,0.96396
1914.9,0.94282
1896.14,0.728826
1749.36,0.742218
1699.12,0.84304
1866.1,0.822821
1740.47,0.88192
1927.84,0.755201
1861.1,0.982001
1870.06,0.948089
1910.88,0.971141
1747.21,0.972227
1892.03,0.953053
1823.69,0.958703
1707.5,0.840855
1720.91,0.813354
1948.66,0.979639
1613.61,0.7981
1931.74,0.961975
1939.77,0.968172
1714.24,0.8823
1613.97,0.94293
1803.11,0.787086
1602.06,0.845474
1694.97,0.930515
1940.98,0.949279
1645.56,0.803223
1749.39,0.940941
1928.9,0.530754
1910.63,0.964479
1849.8,0.925094
1605.52,0.965959
1716.9,0.876887
1847.51,0.917474
1872.54,0.950174
1906.12,0.88755
1819.71,0.82932
1650.15,0.904171
1632.9,0.861903
1872.9,0.732974
1854.77,0.683017
1753.37,0.786827
1836.76,0.85029
1873.78,0.861325
1822,0.906344
1817.79,0.751433
1892.91,0.940385
1824.69,0.796742
1850.62,0.8765
1891.01,0.903735
1720.82,0.834867
1894.04,0.870577
1739.89,0.952027
1918.1,0.888194
1888.36,0.861847
1756.45,0.926467
1637.74,0.964777
1875.83,0.697623
1821.6,0.935469
1623.17,0.904341
1903.78,0.726565
1701.25,0.862998
1735.85,0.949476
1838.15,0.726288
1633.53,0.694842
1857.2,0.798091
1639.52,0.828431
1600.42,0.874039
1946.85,0.865509
1634.04,0.9446
1946.33,0.868374
1842.99,0.875255
1748.3,0.975477
1829.43,0.802929
1741.47,0.820357
1707.7,0.964717
1849.16,0.70136
1664.33,0.731953
1943.61,0.92822
1814.22,0.873148
1820.73,0.916449
1707.28,0.884568
1757.24,0.748144
1842.69,0.973947
1745.83,0.930243
1898.96,0.96771
1892.34,0.899916
1723.99,0.941706
1844.09,0.91994
1622.78,0.939833
1939.35,0.840007
1946,0.856092
1851.32,0.958146
1927.76,0.91683
1821.5,0.966248
1916.7,0.86469
1820.03,0.962313
1870.82,0.875199
1653.26,0.978494
1926.36,0.870909
1924.88,0.863517
1803.17,0.551587
1751.45,0.60367
1704.37,0.971418
1725.76,0.993643
1624.39,0.891403
1918.61,0.924055
1863.9,0.851118
1603.81,0.950339
1743.58,0.847668
1623.91,0.863549
1902.9,0.943543
1685.3,0.993125
1754.71,0.91109
1604.57,0.942406
1634.95,0.607563
1691.53,0.923887
1886.24,0.871968
1689.97,0.626777
1896.01,0.941919
1746.65,0.904967
1853.02,0.835104
1838.34,0.830701
1862.77,0.949294
1810.07,0.939391
1632.26,0.857584
1892.26,0.940149
1724.22,0.929807
1919.07,0.824227
1619.4,0.827582
1750.18,0.955067
1676.86,0.920867
1862.04,0.928796
1906.89,0.901193
1667.9,0.802268
1719.45,0.895591
1852.5,0.664873
1829.02,0.651274
1800.7,0.784518
1701.18,0.931894
1654.16,0.825902
1888.68,0.677212
1860.02,0.909561
1620.61,0.855666
1931.3,0.948058
1671.91,0.6116
1734.31,0.904237
1694.65,0.903329
1613.23,0.730857
1711.42,0.959356
1882.58,0.970591
1603.33,0.943386
1653.96,0.797705
1944.99,0.888407
1948.73,0.93832
1735.28,0.779537
1866.09,0.949436
1821.15,0.931718
1668.7,0.901104
1699.69,0.579747
1669,0.554335
1837.05,0.59958
1943.47,0.830107
1899.32,0.963974
1831.47,0.901402
1650.35,0.728666
1842.45,0.939992
1914.93,0.885209
1890.61,0.954963
1896.49,0.959446
1930.06,0.806915
1729.98,0.838546
1751.58,0.93347
1711.59,0.887286
1740.03,0.806743
1906.24,0.90945
1613.2,0.896636
1864.92,0.939385
1720.89,0.943511
1885.29,0.828678
1691.11,0.974576
1927.2,0.902264
1723.38,0.977156
1748.3,0.758065
1831.82,0.91787
1726.2,0.914049
1806.08,0.810598
1707.96,0.92231
1828.18,0.908202
1857.82,0.89123
1930.66,0.886198
1688.12,0.838176
1915.22,0.878281
1911.5,0.879445
1743.18,0.65427
1851.79,0.70772
1671.32,0.932455
1850.22,0.902861
1634.46,0.836647
1748.31,0.934695
1910.34,0.920979
1626.19,0.945452
1891.27,0.991676
1912,0.919448
1746.21,0.922259
1824.66,0.706876
1844.46,0.61795
1705.55,0.751125
1695.22,0.915483
1834.64,0.892442
1922.68,0.946704
1651.94,0.984403
1906.68,0.967274
1908.05,0.931293
1694.58,0.875848
1858.94,0.958468
1815.64,0.883576
1719.94,0.932106
1844.17,0.866423
1913.05,0.921397
1609.24,0.644572
1845.64,0.983144
1809.3,0.961381
1727.46,0.840678
1738.14,0.971112
1837.72,0.956377
1942.87,0.895703
1841.68,0.81883
1750.69,0.840372
1925.55,0.740814
1682.18,0.942155
1877.73,0.949914
1640.44,0.915068
1934.55,0.937907
1612.83,0.814767
1904.67,0.964063
1649.1,0.96373
1834.94,0.954188
1623.36,0.92729
1815.87,0.816912
1902.4,0.923107
1704.83,0.970167
1622.51,0.897789
1944.55,0.859978
1618.08,0.849058
1739.41,0.941418
1737.71,0.743771
1858.47,0.847175
1928,0.936819
1696.87,0.782357
1739.32,0.960929
1816.18,0.928904
1734.39,0.932176
1645.34,0.965899
1866.52,0.960143
1918.95,0.936982
1828.28,0.947484
1876.03,0.948267
1918.9,0.943741
1628.44,0.947299
1679,0.923047
1851.22,0.774747
1922.56,0.836184
1936.11,0.967909
1893.73,0.87044
1937.79,0.843621
1934.45,0.923106
1825.87,0.969697
1662.6,0.90238
1843.65,0.929637
1930.08,0.914753
1639.12,0.617015
1867.59,0.900329
1949.37,0.968004
1921.14,0.984158
1699.67,0.807867
1667.7,0.934743
1609.21,0.988226
1630.58,0.983746
1943.49,0.729052
1801.04,0.956943
1909.97,0.92184
1612.1,0.905541
1868.89,0.815289
1645.77,0.955528
1943.29,0.875778
1697.48,0.967012
1712.64,0.764616
1738.4,0.973742
1902.32,0.836383
1627.59,0.917453
1724.59,0.663515
1637.94,0.961369
1880.55,0.740677
1840.18,0.896938
1841.95,0.898553
1921.3,0.977533
1945.73,0.868811
1948.29,0.821442
1915.34,0.800359
1867.75,0.65889
1904.9,0.975752
1689.93,0.928243
1732.92,0.985022
1847.33,0.959797
1910.1,0.915648
1870.9,0.9269
1705.64,0.834538
1647.61,0.775782
1687.33,0.875759
1649.68,0.669983
1879.01,0.966737
1896.49,0.916981
1731.65,0.87711
1607.18,0.868749
1869.39,0.92638
1660.96,0.864158
1700.35,0.901994
1870.66,0.982323
1879.04,0.906485
1734.36,0.766656
1928.67,0.635678
1728.28,0.80816
1711.6,0.87946
1658.15,0.928487
1611.45,0.927538
1876.72,0.964242
1899.12,0.859295
1612.53,0.911215
1756.25,0.72843
1750.51,0.667327
1940.55,0.944422
1943.22,0.932655
1805.13,0.812342
1669.53,0.9507
1732.66,0.962661
1942.39,0.875275
1754.35,0.991443
1938.73,0.941321
1799.32,0.880282
1841.85,0.930312
1901.62,0.969239
1880.15,0.818328
1733.33,0.679873
1867.18,0.964901
1949.32,0.694494
1696.08,0.97676
1633.97,0.975722
1618.11,0.837887
1814.3,0.946687
1931.47,0.895486
1800.02,0.882884
1858.06,0.865059
1663.07,0.915496
1925.12,0.964622
1754.43,0.863206
1654.51,0.92797
1739.05,0.702515
1907.32,0.789587
1884.33,0.896546
1825.63,0.850263
1913.84,0.919364
1828.64,0.917759
1710.63,0.846923
1827.73,0.966641
1906.7,0.962423
1894.16,0.944098
1920.97,0.666843
1752.75,0.956334
1900.97,0.951266
1730.02,0.955275
1810.82,0.810175
1655.28,0.969679
1608.8,0.750015
1858.49,0.66765
1697.69,0.759307
1911.38,0.969528
1804.14,0.795127
1908.81,0.641826
1945.92,0.994725
1798.24,0.874567
1804.05,0.81845
1874.96,0.819737
1889.7,0.921858
1642.81,0.775523
1816.72,0.945727
1831.9,0.95254
1844.78,0.953449
1904.47,0.971632
1724.32,0.956532
1694.19,0.933782
1671.83,0.953255
1947.97,0.924695
1836.94,0.966575
1686.94,0.91712
1846.05,0.960494
1860.03,0.838961
1697.32,0.892044
1916.89,0.782492
1625.24,0.8662
1662.51,0.950878
1725.31,0.621391
1878.43,0.923101
1856.36,0.897949
1948.4,0.938788
1890.53,0.881728
1680.4,0.948808
1722.23,0.971845
1691.15,0.898761
1842.7,0.968385
1678.24,0.920219
1840.84,0.783231
1805.99,0.92309
1681.4,0.866999
1732.81,0.899813
1614.56,0.765478
1920.85,0.735285
1617.07,0.866353
1723.86,0.895922
1924.31,0.949934
1632.22,0.805726
1871.45,0.976973
1848.19,0.827845
1755.2,0.82562
1817.39,0.942018
1858.51,0.605764
1654.58,0.908292
1893.84,0.773741
1907.02,0.670718
1629.17,0.810757
1811.67,0.691216
1852.65,0.857451
1661.45,0.923935
1662.22,0.815175
1622.01,0.829456
1672.07,0.957518
1897.48,0.986467
1946.39,0.958856
1831.42,0.969247
1843.65,0.971471
1879.19,0.944789
1665.91,0.902548
1889.32,0.917482
1895.99,0.948384
1730.04,0.902889
1881.49,0.94214
1807.22,0.966521
1901.57,0.648404
1672.15,0.817808
1893.49,0.941527
1806.24,0.886837
1666.7,0.834665
1904.77,0.933116
1948.18,0.916846
1658.05,0.903911
1807.8,0.961664
1659,0.938636
1827.07,0.707121
1738.7,0.938545
1756.18,0.898365
1823.36,0.905289
1862.71,0.932585
1947.12,0.784028
1732.31,0.832572
1901.81,0.899299
1810.37,0.740238
1679.38,0.94698
1913.08,0.984141
1819.48,0.862254
1742.68,0.922782
1899.39,0.748148
1824.64,0.925359
1754.56,0.881769
1600.69,0.79781
1912.49,0.963571
1875.4,0.942756
1623.53,0.964401
1746.62,0.742521
1751.05,0.565349
1900.42,0.940139
1752.15,0.886877
1949.58,0.91371
1614.61,0.988603
1841.27,0.972466
1894.86,0.606836
1888.38,0.944875
1612.77,0.735794
1820.18,0.680794
1624.43,0.749494
1872.25,0.596578
1921.31,0.7894
1864.67,0.929989
1678.38,0.758251
1636.11,0.665698
1933.16,0.968929
1890.29,0.675909
1864.68,0.981162
1848.11,0.904156
1863.97,0.943949
1838.69,0.913456
1642.03,0.968213
1905.28,0.985544
1682.6,0.755107
1936.59,0.927615
1635.54,0.958651
1809.04,0.94823
1901.97,0.776486
1912.11,0.894446
1833.04,0.960688
1729.69,0.906435
1697.97,0.900847
1860.57,0.665405
1912.79,0.873632
1894.52,0.715612
1624.54,0.739777
1807.12,0.9763
1719.11,0.678642
1873.77,0.933519
1913.65,0.848581
1914.2,0.961933
1739.15,0.684563
1738.86,0.773367
1720.76,0.974234
1887.2,0.945107
1855.23,0.987422
1948.77,0.773109
1673.2,0.884469
1801.01,0.677874
1635.76,0.75951
1825.9,0.947639
1822.89,0.601947
1823.9,0.688484
1657.34,0.978127
1604.57,0.964677
1630.24,0.97373
1852.6,0.839716
1916.63,0.895943
1906.64,0.88988
1678.92,0.760561
1659.79,0.923078
1722.76,0.838697
1889.47,0.71173
1904.05,0.923676
1943.23,0.965818
1832.1,0.944107
1669.11,0.929997
1816.09,0.964005
1819.3,0.861911
1655.15,0.967455
1746.04,0.770222
1895.36,0.976963
1880.24,0.934441
1914.47,0.896609
1628.06,0.816723
1846.47,0.882756
1868.43,0.703762
1723.09,0.786193
1654.25,0.870889
1730.06,0.80846
1677.23,0.934329
1658.81,0.925462
1623.61,0.922335
1886.97,0.946141
1756.97,0.968806
1685.21,0.957614
1608.07,0.92963
1636.05,0.822658
1867.71,0.925876
1693.07,0.968913
1874.84,0.955819
1743.65,0.921607
1626.4,0.894195
1668.18,0.671637
1698,0.96192
1911.55,0.91335
1917.29,0.941363
1617.97,0.909092
1656.46,0.941949
1671.84,0.962591
1743.09,0.869802
1690.39,0.829061
1703.73,0.957616
1834.41,0.961888
1846.92,0.933564
1731.08,0.848614
1892.49,0.636412
1857.78,0.870011
1695.39,0.572066
1616.71,0.987358
1934.17,0.802545
1879.24,0.785266
1889.35,0.889687
1638.11,0.90565
1749.8,0.908273
1863.92,0.869427
1851.15,0.731004
1925.34,0.92926
1669.05,0.579608
1864.7,0.930831
1881.85,0.947188
1644.95,0.60743
1663.11,0.98953
1913.74,0.92856
1633.91,0.913635
1736.34,0.915342
1936.5,0.927677
1620.56,0.916288
1602.75,0.715049
1690.4,0.972354
1604.41,0.891459
1643.81,0.693972
1800.81,0.841157
1803.06,0.970829
1639.38,0.933761
1645.16,0.986239
1754,0.913912
1809.72,0.894865
1900.12,0.972711
1612.33,0.876273
1803.79,0.959987
1927.9,0.915935
1703.2,0.899233
1853.85,0.928774
1810.4,0.702881
1828.78,0.861743
1731.28,0.971005
1819.4,0.947886
1612.53,0.947037
1641.59,0.675837
1628.36,0.82083
1754.71,0.803549
1859.57,0.601884
1855.75,0.888012
1858.5,0.967451
1927.32,0.809087
1933.82,0.909716
1925.83,0.862413
1926.26,0.662749
1845.97,0.925628
1945.38,0.981351
1839.46,0.973124
1930.51,0.880931
1866.42,0.896282
1726.7,0.939568
1704.5,0.763609
1637.22,0.951692
1835.43,0.924854
1911.79,0.960553
1861.98,0.716644
1802.76,0.888459
1887.97,0.947419
1634.48,0.946586
1904.05,0.858458
1904.93,0.855096
1915.02,0.82791
1728.5,0.807075
1864.86,0.704821
1749.01,0.816696
1911.83,0.913254
1876.61,0.944137
1855.91,0.815987
1900.22,0.926347
1896.3,0.822605
1835.46,0.96944
1879.18,0.905949
1815.01,0.942306
1914.48,0.889495
1924.18,0.965313
1839.44,0.921259
1826.17,0.939997
1637.01,0.857038
1851.93,0.794238
1861.08,0.923966
1633.9,0.973805
1948.33,0.954552
1693.77,0.632105
1911.99,0.961751
1921.17,0.945071
1630.97,0.957984
1634.72,0.930587
1932.41,0.812554
1946.58,0.914637
1701.28,0.974988
1888.73,0.938615
1862.24,0.966693
1814.22,0.963319
1827.12,0.981396
1903.5,0.71716
1600.75,0.987316
1948.77,0.815657
1822.15,0.6218
1644.14,0.954456
1943.79,0.852585
1806.53,0.97558
1743.25,0.927998
1873.77,0.537501
1798.47,0.887211
1698.47,0.607504
1610.51,0.638342
1646.28,0.564333
1662.47,0.98002
1897.87,0.927047
1834.14,0.980065
1711.83,0.83008
1730.7,0.839822
1653.2,0.67063
1669.76,0.962334
1717.9,0.990945
1643.69,0.911683
1662.93,0.761169
1738.32,0.786172
1639.13,0.803764
1756,0.864018
1929.56,0.908846
1810.29,0.697545
1632.67,0.726197
1804.18,0.780342
1733.83,0.735788
1905.32,0.803752
1876.78,0.948926
1721.35,0.713919
1645.17,0.875438
1722.65,0.627802
1933.3,0.908849
1731.78,0.935341
1647.53,0.752524
1881.47,0.906983
1724.17,0.953236
1819.7,0.915177
1945.44,0.960646
1618.9,0.930332
1628.29,0.974322
1629.62,0.874006
1622.81,0.921428
1625.77,0.96293
1815.19,0.922674
1713.4,0.941492
1919.55,0.946653
1886.47,0.854529
1853.32,0.735588
1811.61,0.920076
1638.09,0.931071
1844.22,0.978047
1653.44,0.923981
1714.2,0.946657
1926.84,0.911095
1635.29,0.784665
1753.36,0.955532
1830.99,0.938571
1700.12,0.899798
1679.27,0.902101
1747.65,0.943592
1600.94,0.96181
1602.77,0.872808
1825.94,0.954567
1908.58,0.965771
1717.23,0.903323
1840.14,0.939983
1936.29,0.641928
1845.38,0.961956
1817.03,0.59615
1816.45,0.929215
1715.43,0.908185
1905.11,0.869927
1898.41,0.551745
1875.84,0.93365
1716.66,0.972662
1910.25,0.965168
1878.02,0.946683
1942.81,0.855387
1643.53,0.894857
1883.42,0.971866
1812.85,0.884337
1933.27,0.871229
1691.97,0.969836
1940.19,0.700713
1839.88,0.909735
1705.4,0.941769
1824.13,0.881935
1919.63,0.81478
1837.92,0.742016
1835.21,0.917651
1867.21,0.965425
1886.34,0.544149
1667.71,0.872115
1730.85,0.873046
1843.87,0.931653
1855.9,0.963886
1875.37,0.854306
1658.97,0.925493
1914.74,0.741386
1900.14,0.95964
1868.76,0.890041
1716.55,0.916062
1657.37,0.960797
1637.89,0.899525
1864,0.954517
1798.37,0.927063
1852.48,0.962785
1743.98,0.853726
1920.92,0.897586
1706.82,0.959974
1697.76,0.901274
1902.42,0.709752
1833.23,0.940204
1661.16,0.91531
1635.64,0.820362
1845.48,0.90169
1920.86,0.878598
1881.15,0.938544
1757.46,0.929931
1618.47,0.950716
1810.22,0.780482
1822.01,0.98829
1723.36,0.964149
1681.48,0.924261
1916.77,0.875984
1713.07,0.737206
1947.06,0.771482
1650.95,0.871912
1735.6,0.841254
1901.62,0.966831
1854.51,0.881061
1816.89,0.942181
1814.15,0.553815
1656.27,0.969117
1653.06,0.602447
1675.17,0.873677
1661.72,0.924209
1647.1,0.96971
1716.24,0.93652
1882.96,0.853115
1732.83,0.786276
1866.52,0.606466
1674.2,0.957883
1914.68,0.560282
1708.88,0.906717
1692.52,0.941383
1718.66,0.987898
1658.54,0.683593
1946.99,0.950029
1887.98,0.845224
1614.04,0.950211
1710.87,0.912861
1949.32,0.87531
1942.23,0.947529
1613.7,0.930593
1896.17,0.944565
1879.6,0.960008
1883.55,0.911817
1666.94,0.567909
1836.7,0.96705
1826.43,0.928901
1812.24,0.965167
1832.18,0.947632
1639.07,0.853218
1820.32,0.971754
1878.52,0.911936
1818.87,0.844589
1746.69,0.768044
1802.28,0.962619
1657.28,0.941544
1933.16,0.647117
1947.1,0.9008
1702.38,0.973339
1712.07,0.933324
1677.59,0.971205
1845.56,0.863025
1684.89,0.96119
1696.54,0.952841
1928.2,0.960094
1623.88,0.88956
1817.46,0.769359
1801.79,0.965302
1728.67,0.764407
1731.84,0.939996
1800.41,0.945184
1825.15,0.948981
1876.29,0.928306
1868.61,0.84678
1662.43,0.913235
1632.1,0.945778
1897.86,0.867869
1800.69,0.920484
1893.65,0.893317
1921.41,0.858254
1881.54,0.809385
1750.23,0.661431
1732.73,0.942341
1722.11,0.970842
1735.51,0.75259
1754.83,0.907343
1664.14,0.931731
1749.75,0.904238
1914.63,0.907261
1926.9,0.962103
1631.85,0.904316
1735.38,0.940426
1631.1,0.970084
1880.47,0.917805
1640.8,0.788626
1708,0.89621
1667.04,0.819226
1743.4,0.978633
1907.97,0.934957
1756.89,0.833411
1868.29,0.883914
1859.51,0.63033
1936.82,0.534231
1617.66,0.568683
1847.83,0.95042
1611.73,0.944713
1846.47,0.807935
1949.07,0.91786
1663.27,0.820088
1812.94,0.848299
1706.02,0.922915
1638.7,0.927767
1925.38,0.854291
1737.35,0.799706
1826.64,0.821935
1674.1,0.885003
1731.8,0.872117
1812.92,0.659812
1748.67,0.651924
1815.08,0.891071
1830.69,0.934916
1632.25,0.939998
1728.69,0.655036
1638.46,0.927755
1645.34,0.967173
1909.98,0.980891
1619.28,0.871236
1714.02,0.87873
1857.28,0.943636
1648.96,0.938938
1890.47,0.95108
1691.28,0.767909
1645.01,0.796095
1909.59,0.750695
1832.59,0.894058
1906.19,0.828576
1861.4,0.78033
1696.05,0.929772
1923.66,0.828956
1609.11,0.968594
1746.83,0.97982
1810.9,0.9435
1724.82,0.982767
1710.82,0.928453
1862.93,0.679945
1610.9,0.894996
1924.85,0.962305
1919.92,0.805503
1949.52,0.940763
1897.74,0.956219
1684.56,0.887031
1946.98,0.834278
1812.24,0.859067
1679.21,0.695558
1803.27,0.900106
1926.68,0.839458
1691.82,0.93827
1832.01,0.971979
1885.9,0.917749
1722.45,0.841662
1933.86,0.92968
1655.6,0.961558
1722.14,0.785692
1700.92,0.686131
1714.52,0.845209
1903.61,0.81646
1647.43,0.919674
1678.37,0.906274
1909.3,0.984514
1898.86,0.719412
1937.62,0.950755
1832.06,0.941964
1806.02,0.941185
1915.67,0.693165
1832.22,0.859877
1880.26,0.901029
1608.62,0.933576
1818.2,0.903941
1920.8,0.738496
1850.17,0.864749
1658.94,0.9448
1755.02,0.882562
1747.27,0.634748
1690.39,0.899933
1635.92,0.959076
1944.05,0.964364
1815.63,0.868782
1875.69,0.917346
1831.42,0.869816
1680.31,0.762578
1805.72,0.907619
1620.09,0.863049
1864.4,0.892595
1681.83,0.9769
1813.98,0.867243
1641.19,0.568287
1735.56,0.916073
1913.63,0.909567
1866.89,0.910144
1721.03,0.672558
1857.92,0.93917
1653.33,0.897315
1810.63,0.941133
1732.34,0.888188
1809.66,0.83481
1943.44,0.930173
1943.71,0.940735
1865.04,0.961467
1634.73,0.676279
1686.95,0.713735
1822.14,0.850488
1857.37,0.905905
1825.34,0.859039
1693.48,0.873297
1914.33,0.955858
1744.48,0.957766
1939.83,0.921382
1863.34,0.976407
1896.01,0.926292
1837.92,0.94132
1925.48,0.902419
1843.31,0.967416
1693.11,0.779752
1606.11,0.692208
1856.99,0.882874
1932.07,0.638596
1819.29,0.766281
1706.93,0.937778
1803.99,0.841175
1613.29,0.750285
1675.73,0.878312
1874.28,0.869344
1754.14,0.723016
1733.97,0.926495
1825.83,0.922894
1825.86,0.809194
1612.78,0.828885
1902.7,0.592589
1607.4,0.811448
1797.68,0.914155
1721.08,0.668531
1603.67,0.95343
1853.79,0.957812
1880.49,0.607527
1679.29,0.964083
1671.42,0.890184
1893.98,0.729759
1927.03,0.844905
1701.77,0.977333
1809.08,0.777779
1700.74,0.922227
1804.02,0.981208
1922.34,0.934038
1703.9,0.966099
1920.05,0.757795
1868.52,0.984146
1904.52,0.850159
1659.99,0.540226
1915.93,0.900551
1643.24,0.648087
1631.31,0.90454
1661.21,0.990074
1686.78,0.576022
1730.54,0.948201
1917.41,0.982913
1916.35,0.960531
1935.01,0.619902
1619.93,0.861351
1669.89,0.725379
1942.44,0.644689
1896.83,0.667741
1895.64,0.865461
1628.65,0.732529
1927.3,0.922839
1748.78,0.815388
1943.95,0.705995
1730.4,0.918321
1911.32,0.964409
1864.95,0.762932
1927.56,0.920642
1853.4,0.961967
1882.45,0.916428
1628.82,0.962581
1617.76,0.903406
1702.49,0.769354
1683.8,0.939758
1630.5,0.824995
1928.84,0.831111
1663.54,0.90593
1939.53,0.891763
1676.32,0.928768
1836.09,0.725897
1704.65,0.990145
1681.16,0.932199
1664.9,0.989552
1626.08,0.904571
1936.63,0.861093
1707.75,0.826285
1932.63,0.968482
1925.51,0.909253
1756.33,0.869549
1652.21,0.957999
1733.9,0.903702
1754.41,0.869932
1898.77,0.940454
1744.98,0.798018
1837.63,0.830199
1888.59,0.936645
1849.6,0.929191
1930.11,0.838211
1880.47,0.977796
1803.9,0.96409
1797.9,0.769015
1748.83,0.568558
1752.8,0.865835
1938.53,0.845483
1803.36,0.930499
1874.24,0.812316
1911.03,0.864096
1919.12,0.803464
1841.85,0.905355
1686.99,0.716497
1831.79,0.73379
1725.83,0.918446
1949.97,0.812438
1919.74,0.601192
1886.56,0.905118
1724.46,0.954932
1688.88,0.827841
1752.21,0.674733
1847.36,0.904774
1687.83,0.869534
1662.96,0.865781
1641.97,0.802165
1715.68,0.967683
1636.79,0.582704
1646.57,0.944588
1702.04,0.972084
1920.78,0.935085
1854.95,0.964109
1667.04,0.948609
1915.86,0.894074
1647.16,0.615182
1713.57,0.961172
1799.24,0.947645
1807.13,0.575721
1937.49,0.818632
1621.85,0.947126
1631.49,0.93407
1706.61,0.598129
1612.74,0.94479
1700.27,0.889696
1641.8,0.624577
1726,0.806718
1649.89,0.979862
1927.67,0.937858
1946.87,0.975489
1691.01,0.931085
1932.45,0.937588
1807.38,0.963615
1755.56,0.890312
1703.5,0.615316
1820.73,0.961119
1674.33,0.550603
1941.89,0.96458
1904.84,0.942009
1671.37,0.962939
1905.23,0.74657
1861.24,0.740929
1863.24,0.834037
1838.4,0.822404
1891.42,0.762303
1717.57,0.691849
1862.61,0.692272
1891.07,0.879237
1693.68,0.922576
1693.19,0.974149
1806.75,0.935157
1940.4,0.943462
1754.82,0.940432
1669.45,0.870147
1744.84,0.972728
1846.22,0.915225
1867.02,0.963061
1683.18,0.923972
1679.03,0.947959
1606.19,0.718962
1618.62,0.923341
1929.83,0.928583
1733.3,0.849974
1673.92,0.652962
1635.53,0.837157
1834.25,0.958461
1628,0.693883
1917.16,0.896236
1707.21,0.793147
1814.03,0.625387
1749.89,0.941005
1857.29,0.951949
1716.38,0.954921
1716.34,0.926177
1838.59,0.984397
1840,0.855678
1820.47,0.971717
1879.49,0.945436
1625.87,0.957849
1933.8,0.753645
1820.9,0.892845
1939.51,0.749867
1938.01,0.948368
1811.98,0.926961
1919.2,0.926778
1863.24,0.9247
1665.39,0.789401
1600.89,0.943996
1937.3,0.877689
1826.22,0.677208
1870.19,0.695612
1753.91,0.941635
1928.67,0.66359
1855.14,0.914564
1706.81,0.721775
1742.28,0.948047
1876.75,0.870737
1753.94,0.632836
1901.95,0.962206
1890.31,0.959073
1710.04,0.718496
1735.43,0.974312
1852.11,0.908299
1807.25,0.703575
1889.25,0.966034
1709.36,0.927894
1844.03,0.692284
1679.8,0.844096
1634.09,0.900611
1803.04,0.902794
1831.25,0.892482
1832.34,0.893535
1679.68,0.915026
1678.17,0.928881
1707.19,0.547236
1606.74,0.988213
1613.92,0.893186
1907.44,0.813939
1743.29,0.765194
1921.24,0.805649
1726.56,0.663309
1880.28,0.958263
1690.49,0.862546
1748.47,0.617133
1926.95,0.834316
1885.14,0.830971
1809.44,0.980847
1693.54,0.846913
1710.12,0.906548
1729.54,0.927752
1854.94,0.970523
1672.58,0.79448
1877.73,0.980509
1742.08,0.751039
1810.63,0.840943
1649.28,0.917212
1653.95,0.783493
1830.12,0.9464
1657.37,0.711201
1751.81,0.597475
1628.27,0.82067
1914.98,0.899761
1735.26,0.894484
1651.38,0.976523
1879.58,0.960672
1832.32,0.962689
1908.45,0.945709
1660.46,0.919764
1657.13,0.909486
1929.82,0.971573
1621.29,0.954586
1611.05,0.864812
1928.88,0.964179
1733.59,0.782186
1847.21,0.931568
1926.13,0.909133
1922.36,0.927372
1641.46,0.950786
1719.51,0.768069
1748.09,0.761967
1919.58,0.914104
1730.73,0.85928
1907.21,0.960148
1837.25,0.861172
1933.85,0.915761
1799.31,0.84645
1929.29,0.953375
1802.52,0.920089
1836.32,0.824857
1870.64,0.98572
1659.09,0.97055
1943.47,0.916783
1811.54,0.697621
1724.14,0.873651
1675.61,0.925551
1926.41,0.930933
1840.36,0.972991
1605.31,0.820616
1732.93,0.79245
1858.33,0.885247
1702.74,0.7774
1914.88,0.670401
1837.26,0.91011
1702.63,0.868619
1831.97,0.965461
1681.73,0.967254
1717.98,0.802044
1696.97,0.931841
1820.32,0.912599
1839.76,0.93381
1879.58,0.896917
1813.73,0.952441
1863.47,0.809535
1698.36,0.638824
1682.07,0.808972
1612.49,0.952351
1716.55,0.951002
1855.99,0.931919
1900.07,0.865804
1897.78,0.966472
1750.13,0.975714
1866.85,0.835405
1622.3,0.951434
1674.11,0.964906
1812.8,0.800862
1813.85,0.904975
1867.15,0.945399
1907.82,0.675184
1755.39,0.921696
1882.63,0.939539
1858.92,0.585541
1613.76,0.961714
1892.1,0.938703
1945.25,0.929191
1850.8,0.939539
1733.59,0.965767
1722.2,0.866904
1750.95,0.67511
1724.2,0.590089
1822.88,0.829677
1942.38,0.905416
1686.68,0.844204
1717.21,0.963695
1661.48,0.846512
1919.02,0.868651
1865.18,0.920016
1709.79,0.883468
1733.26,0.946718
1663.48,0.888104
1617.6,0.956145
1872.56,0.830772
1645.21,0.733345
1649.54,0.988195
1752.76,0.702742
1839.38,0.707941
1698.28,0.891182
1608.69,0.970487
1683.43,0.911225
1932.63,0.911582
1881.54,0.963893
1621.15,0.758626
1914.88,0.899345
1649.22,0.952194
1918.06,0.831463
1751.1,0.831564
1695.76,0.904589
1608.72,0.917111
1737.8,0.861014
1604.66,0.752251
1635.55,0.829883
1621.56,0.946584
1835.53,0.858854
1861.89,0.96595
1734.05,0.953193
1820.34,0.836133
1627.51,0.887321
1712.07,0.942078
1866.08,0.842247
1894.11,0.949332
1898.39,0.927219
1887.01,0.796849
1883.37,0.930344
1742.29,0.849688
1632.46,0.972655
1744.9,0.906325
1803.9,0.771018
1741.21,0.91262
1934.17,0.942089
1627.93,0.905352
1861.84,0.602217
1934.71,0.912428
1647.13,0.793633
1779.3,0.905214
1784.38,0.614524
1794.02,0.96829
1759.48,0.845434
1766.2,0.971725
1774.02,0.937164
1786.83,0.846869
1770.04,0.960944
1757.52,0.986766
1769.31,0.907747
1758.98,0.894186
1773.52,0.944413
1772.52,0.960121
1773.6,0.943428
1760.97,0.947145
1776.13,0.859707
1771.49,0.919418
1787.92,0.955154
1759.92,0.821798
1771.48,0.986743
1783.44,0.940347
1795.99,0.842399
1778.35,0.648489
1770.01,0.870391
1789.48,0.961006
1772.49,0.875677
1794.27,0.920473
1760.43,0.875687
1769.13,0.979199
1784.11,0.931976
1790.61,0.616444
1789.04,0.633025
1772.26,0.852979
1764.43,0.922223
1787.09,0.798253
1779.86,0.958858
1776.27,0.954669
1768.9,0.610173
1779.53,0.870201
1792.1,0.575934
1772.15,0.950785
1772.36,0.93327
1795.55,0.658365
1762.55,0.995506
1776.24,0.938998
1758.02,0.866222
1794.73,0.938926
1762.34,0.844751
1775.7,0.935099
1788.88,0.793864
1763.67,0.942628
1782.38,0.768333
1776.17,0.687032
1766.8,0.968569
1794.95,0.734694
1763.39,0.846888
1767.38,0.895451
1786.9,0.89658
1778.29,0.870659
1777.11,0.960139
1759.79,0.673072
1759.67,0.907979
1775.18,0.959694
1760.02,0.972037
1788.64,0.86582
1795.75,0.92099
1780.9,0.961556
1794.91,0.873006
1786.42,0.941851
1793.42,0.853899
1773.86,0.93452
1781.3,0.896333
1785.07,0.704446
1795.36,0.974052
1777.42,0.837638
1792.02,0.940784
1778.18,0.626969
1766.93,0.793434
1789.74,0.954915
1775.71,0.8737
1758.65,0.798154
1779.06,0.956346
1771.22,0.916233
1779.23,0.806684
1772.01,0.568952
1764.89,0.584096
1761.29,0.831944
1779.35,0.920916
1785.81,0.966422
1769.07,0.902568
1758.34,0.839904
1778.64,0.96805
1789.95,0.915849
1759.07,0.90936
1766.58,0.826439
1784.22,0.777394
1789.6,0.580231
1772.57,0.8325
1763.47,0.935061
1775.83,0.889962
1779.78,0.935657
1760.83,0.951298
1793.52,0.988065
1770.62,0.947113
1757.63,0.912514
1763.29,0.911481
1782.68,0.758907
1761.58,0.976174
1765.31,0.897164
1763.28,0.923556
1796.02,0.948707
1773.64,0.92959
1787.73,0.882414
1776.4,0.935778
1786.77,0.918101
1778.81,0.967686
1758.72,0.976174
1775.33,0.663371
1796.86,0.978785
1767.67,0.977262
1759.14,0.946273
1774.06,0.877909
1760.89,0.892587
1784.61,0.934662
1777.02,0.98409
1771.88,0.831183
1759.12,0.836612
1777.59,0.898089
1780.74,0.923766
1793.6,0.967088
1788.87,0.789035
1771.04,0.717311
1790.34,0.954056
1797.33,0.924585
1759.38,0.844905
1787.89,0.967383
1786.5,0.865736
1782.76,0.859966
1766.76,0.913671
1783.09,0.931629
1778.57,0.824234
1777.96,0.794783
1760.06,0.983343
1783.57,0.973862
1792.77,0.871575
1791.13,0.968412
1785.74,0.960499
1786.91,0.957705
1790.1,0.742386
1770.6,0.961323
1767.74,0.919825
1793.35,0.822645
1790.48,0.944801
1775.58,0.906528
1778.53,0.668345
1794.97,0.616407
1760.34,0.942651
1760.38,0.930553
1769.72,0.59658
1761.73,0.943354
1770.36,0.939292
1765.45,0.866247
1794.71,0.818038
1794.57,0.858298
1795.65,0.973941
1767.2,0.955547
1758.17,0.738388
1762.2,0.92279
1774.06,0.954479
1779.96,0.972617
1781.25,0.951908
1781.58,0.884668
1769.85,0.957688
1789.81,0.670754
1788.88,0.913103
1765.59,0.948995
1762.97,0.910381
1776.82,0.952643
1778.76,0.80014
1783.23,0.963787
1771.43,0.955792
1767.02,0.906121
1780.69,0.777063
1784.14,0.877955
1796.78,0.933454
1758.83,0.964547
1776.48,0.558729
1788.32,0.584317
1770.71,0.967256
1765.75,0.9409
1757.87,0.923585
1774.34,0.912408
1784.56,0.926382
1788.58,0.951582
1788.65,0.988941
1785.97,0.844651
1794.79,0.816718
1797.19,0.872603
1762.11,0.949747
1793.91,0.918053
1782.43,0.937312
1769.25,0.946839
1771.89,0.874553
1789.94,0.683253
1790.77,0.862791
1774.2,0.755069
1779.19,0.678381
1786.39,0.768015
1764.73,0.909219
1790.25,0.945519
1778.44,0.928338
1797.04,0.946378
1791.99,0.935925
1790.81,0.949439
1784.27,0.967384
1759.16,0.925701
1758.21,0.967527
1769.32,0.928417
1771.65,0.93515
1774.57,0.820507
1780.7,0.933087
1782.28,0.842492
1776.77,0.960942
1783.16,0.742119
1788.5,0.926246
1787.4,0.677322
1758.36,0.820266
1793.54,0.830072
1761.96,0.870725
1792.42,0.651618
1776.98,0.759245
1789.03,0.922352
1761.12,0.885535
1781.65,0.921801
1791.33,0.978695
1762.61,0.875678
1773.72,0.948355
1766.45,0.95271
1788.66,0.947471
1772.92,0.801525
1764.21,0.953641
1779.92,0.959354
1762.49,0.951221
1784.68,0.916864
1796.53,0.804765
1788.93,0.702243
1778.31,0.84394
1784.84,0.971417
1780.47,0.580556
1793.17,0.93602
1759.09,0.868518
1795.97,0.785357
1796.55,0.775614
1796.41,0.898391
1790.7,0.943737
1765.15,0.963855
1774.57,0.848657
1789.77,0.960566
1787.25,0.783128
1766.92,0.884828
1795.94,0.975298
1780.89,0.929985
1788.06,0.96693
1772.1,0.936682
1761.62,0.970858
1781.43,0.928752
1774.54,0.916956
1794.86,0.959532
1797.47,0.738968
1775.09,0.946748
1785.52,0.769457
1786.7,0.811844
1776.23,0.894763
1768.07,0.926051
1783.22,0.937953
1768.62,0.912613
1766.59,0.824064
1773.58,0.950797
1773.48,0.812181
1782.29,0.950429
1795.9,0.690092
1788.35,0.87494
1774.47,0.827765
1762.07,0.825716
1777.01,0.60044
1764.35,0.928648
1788.74,0.933255
1784.51,0.93863
1787.47,0.859904
1781,0.817595
1769.88,0.943596
1767.77,0.662621
1760.62,0.975414
1797.03,0.839025
1762.68,0.936208
1791.25,0.931789
1765.91,0.763215
1792.53,0.86007
1787.33,0.902773
1782.86,0.847172
1786.18,0.843722
1761.17,0.880403
1789.84,0.91816
1787.64,0.851846
1760.61,0.978924
1793.81,0.847263
1759.81,0.950915
1765.68,0.784364
1764.22,0.776848
1777.46,0.908609
1769.98,0.912841
1791.84,0.904198
1782.85,0.901104
1760.88,0.911743
1768.07,0.840261
1768.04,0.869616
1790.53,0.766843
1766.74,0.95682
1795.19,0.813555
1763.49,0.848101
1782.35,0.673148
1784.28,0.811934
1780.54,0.909843
1767.41,0.966801
1790.68,0.720147
1773.13,0.952157
1769.29,0.895895
1779.57,0.914914
1775.77,0.973735
1762.57,0.880634
1779.86,0.762963
1790.65,0.924486
1793,0.941408
1781.71,0.748707
1775.66,0.918124
1780.65,0.888862
1767.23,0.878242
1776.62,0.935161
1769.6,0.848055
1795.85,0.971937
1784.12,0.670613
1780.73,0.947052
1767.06,0.604715
1757.67,0.93522
1786.87,0.841403
1781.85,0.911943
1776.99,0.684334
1794.92,0.97843
1781.62,0.941147
1796.14,0.933132
1780.64,0.956638
1771.94,0.877868
1794.99,0.772094
1770,0.553494
1787.79,0.911687
1782.96,0.921637
1765.68,0.913589
1786.12,0.89647
1796.94,0.795985
1784.82,0.645816
1790.54,0.877976
1780.01,0.650587
1791.95,0.799529
1770.79,0.711407
1775.82,0.644585
1773.31,0.972379
1761.15,0.959123
1760.85,0.937029
1792.98,0.950861
1785.77,0.982398
1785.36,0.909389
1773.65,0.824346
1759.38,0.681879
1761.3,0.953562
1763.85,0.965255
1769.27,0.817427
1777.93,0.932422
1766.33,0.675942
1781.81,0.942534
1789.65,0.898523
1786.28,0.959134
1765.81,0.946754
1775.74,0.820937
1785.55,0.796758
1796.01,0.810015
1787.51,0.967937
1763,0.868996
1768.9,0.969797
1795.4,0.96014
1772.02,0.861144
1795.06,0.66706
1771.75,0.981368
1793.33,0.915341
1787.57,0.916325
1789.06,0.868608
1778.52,0.964095
1785.73,0.936407
1780.53,0.891637
1786.47,0.818863
1761.18,0.743709
1791.69,0.959568
1766.17,0.922601
1795.74,0.93503
1788.83,0.960126
1795.48,0.622636
1758.87,0.772707
1764.7,0.964097
1787.84,0.82767
1781.39,0.734677
1775.98,0.949993
1777.25,0.980554
1769.47,0.778093
1765.66,0.885668
1765.33,0.953633
1776.58,0.983324
1780.96,0.948523
1759.23,0.969072
1778.89,0.967598
1772.36,0.815007
1790.9,0.962424
1797.29,0.659275
1789.3,0.940524
1796,0.930338
1780.45,0.933871
1791.14,0.916128
1781.28,0.969752
1762.59,0.946395
1778.47,0.928464
1796.7,0.648673
1792.62,0.912496
1763.05,0.937892
1761.23,0.697929
1782.99,0.924326
1778.21,0.681238
1784,0.637473
1770.88,0.801168
1759.06,0.709715
1786.42,0.968067
1762.1,0.881504
1775.42,0.909389
1773.59,0.807204
1787.15,0.978342
1759.82,0.922591
1780.21,0.92713
1777.73,0.958814
1759.09,0.961152
1781.38,0.921622
1790.5,0.820211
1760.04,0.944836
1795.67,0.973617
1776.29,0.888057
1762.57,0.982725
1782.56,0.95296
1788.48,0.880887
1783.5,0.963444
1785.59,0.854448
1781.31,0.93759
1788.11,0.977607
1782.9,0.727407
1772.14,0.741074
1760.6,0.916704
1766.39,0.878128
1772.56,0.55877
1768.83,0.899083
1767.64,0.954633
1767.12,0.819158
1763.18,0.882455
1775.35,0.908241
1763.69,0.690751
1779.39,0.935503
1770.85,0.983855
1778.24,0.583597
1788.83,0.982636
1789.9,0.719673
1772.58,0.891149
1796.24,0.908899
1783.37,0.911074
1761.17,0.916809
1787.58,0.870099
1792.02,0.90769
1764.98,0.818875
1787.13,0.900342
1776.2,0.733816
1766.08,0.944874
1761.5,0.879264
1783.1,0.98447
1785.75,0.862069
1793.61,0.913376
1772.55,0.809118
1791.25,0.904342
1764.21,0.735466
1762.68,0.722903
1772.98,0.781342
1758.7,0.719641
1783.32,0.933695
1763.75,0.897205
1767.97,0.777193
1794.76,0.934989
1770.61,0.90796
1789.56,0.973709
1765.88,0.95989
1774.69,0.88304
1757.77,0.975825
1794.87,0.863997
1762.1,0.952673
1795.54,0.846969
1789.35,0.89113
1772.81,0.955295
1768.05,0.888146
1759.1,0.977897
1790.56,0.967751
1790.97,0.943012
1766.75,0.784991
1767.91,0.809775
1773.25,0.897544
1784.5,0.709197
1780.14,0.914414
1782.47,0.87661
1773,0.952822
1779.97,0.973397
1762.13,0.855001
1796.89,0.866582
1767.12,0.949427
1795.3,0.985251
1775.7,0.651017
1758.96,0.819012
1786.57,0.584099
1768.74,0.853883
1792.88,0.903208
1768.53,0.73167
1773.37,0.83471
1767.1,0.929295
1795.04,0.836028
1788.73,0.94737
1768.49,0.899536
1780.08,0.848213
1768.93,0.854358
1759.07,0.946019
1764.41,0.650063
1760.95,0.656274
1787.95,0.881283
1792.62,0.886937
1762.03,0.886132
1776.81,0.964117
1763.85,0.974775
1789.59,0.888879
1789.12,0.909018
1767.27,0.736623
1767.49,0.793474
1792.79,0.896826
1786.88,0.963167
1774.46,0.944595
1787.41,0.865764
1773.31,0.943617
1790.79,0.969494
1788.82,0.865838
1794.07,0.985399
1761,0.808311
1777.76,0.94457
1772,0.979982
1778.74,0.93114
1763.19,0.786689
1794.16,0.885178
1796.71,0.862721
1789.22,0.774102
1796.92,0.984698
1777.93,0.929636
1772.45,0.888842
1778.96,0.894293
1760.65,0.906813
1788.28,0.987971
1771.22,0.856231
1761.38,0.882045
1788.52,0.948617
1780.56,0.838862
1774.44,0.938141
1775.45,0.946998
1764.9,0.75268
1788.35,0.942654
1791.12,0.945662
1780.78,0.97098
1763.31,0.887698
1768.43,0.852732
1770.07,0.966223
1757.97,0.885289
1772.52,0.831596
1792.67,0.861597
1774.55,0.844643
1768.03,0.850362
1797.22,0.938768
1788.25,0.863029
1764.52,0.961408
1766.41,0.842711
1796.01,0.874067
1784.79,0.934571
1770.29,0.93127
1787.3,0.969114
1790.71,0.944717
1790.14,0.647272
1777.4,0.894062
1773.42,0.860326
1765.65,0.972915
1768.23,0.919581
1766,0.959193
1784.58,0.781152
1774.55,0.878171
1773.07,0.88012
1773.86,0.859339
1773.64,0.943083
1792.49,0.730634
1766.47,0.905269
1790.2,0.940652
1778.32,0.946321
1766.11,0.9154
1791.45,0.876663
1761.59,0.954382
1794.63,0.928273
1765.63,0.891501
1785.42,0.972414
1775.05,0.957232
1762.47,0.955468
1786.67,0.621571
1760.88,0.881546
1763.71,0.838622
1779.92,0.625012
1774.25,0.598578
1793.46,0.875051
1794.14,0.973663
1760.98,0.937297
1761.27,0.901714
1786.87,0.870473
1796.56,0.78102
1793.24,0.913315
1780.06,0.920672
1792.85,0.947222
1770.61,0.932641
1759.13,0.988359
1781.88,0.939269
1771.08,0.924991
1783.66,0.938853
1791.6,0.953193
1794.38,0.881403
1797.26,0.983789
1778.52,0.853283
1796.54,0.88451
1759.96,0.914639
1765.43,0.983091
1786.75,0.984124
1776.68,0.864988
1788.81,0.974815
1772.59,0.926021
1789,0.700674
1793.92,0.907466
1782.48,0.937007
1793.77,0.882282
1778.92,0.841359
1788.46,0.965712
1762.67,0.970415
1782.28,0.919999
1758.82,0.916713
1760.99,0.975186
1774.23,0.879916
1779.47,0.894075
1774.77,0.899978
1778.98,0.950901
1775.77,0.75504
1774.65,0.923695
1759.57,0.954016
1794.91,0.970176
1796.87,0.78639
1785.2,0.925026
1788.7,0.901697
1762.95,0.950268
1783.95,0.868353
1761.52,0.919343
1758.7,0.898953
1791.08,0.913379
1797.02,0.849913
1773.17,0.948857
1795.46,0.946752
1773.38,0.92939
1761.87,0.627439
1770.05,0.908277
1795.6,0.826941
1763.01,0.967773
1795.58,0.917102
1782.58,0.961388
1789.08,0.710474
1778.8,0.839363
1760.13,0.898803
1786.61,0.940352
1785.56,0.877245
1777.92,0.784283
1759.15,0.889331
1784.49,0.709992
1770.27,0.775357
1769.22,0.984955
1781.4,0.840271
1769.49,0.907427
1757.7,0.968264
1770.14,0.564634
1790.34,0.91798
1788.94,0.925635
1788.48,0.948589
1779.82,0.922001
1776.68,0.965176
1784.52,0.943875
1791.55,0.966345
1785.76,0.816973
1776.66,0.936333
1794.24,0.963547
1767.75,0.66652
1783.05,0.824082
1775.42,0.761088
1779.53,0.968495
1795.81,0.936543
1779.36,0.903523
1776.04,0.870428
1790.2,0.944772
1772.65,0.925933
1787.68,0.733721
1759.12,0.962491
1764.98,0.68075
1783.94,0.859458
1784.41,0.929142
1782.16,0.605924
1785.25,0.824935
1773.72,0.927113
1759.93,0.923386
1769.16,0.937942
1763.16,0.944323
1769.84,0.883326
1758.11,0.857662
1778.66,0.932185
1762.83,0.982026
1765.69,0.94425
1795.44,0.950671
1762.77,0.897632
1772.25,0.826606
1757.8,0.747627
1781.14,0.946711
1762.94,0.633308
1780.45,0.787388
1777.83,0.821354
1777.59,0.901788
1792.35,0.592649
1767.5,0.650753
1771.94,0.906099
1762.33,0.95074
1759.9,0.78438
1792.43,0.822404
1758.28,0.912749
1783.46,0.844078
1763.49,0.929662
1766.41,0.741663
1763.9,0.967439
1789.18,0.916347
1792.61,0.903383
1769.51,0.867997
1793.56,0.772949
1789.31,0.968352
1768.73,0.883305
1758.68,0.972885
1770.16,0.755146
1782.35,0.664778
1788.11,0.939508
1766.82,0.948695
1765.67,0.867846
1762.09,0.883578
1775.63,0.583857
1794.82,0.86402
1777.6,0.97762
1779.79,0.800038
1795.77,0.866549
1765.18,0.977166
1759.58,0.607956
1760.21,0.868051
1778.61,0.73953
1773.2,0.974741
1772.54,0.821382
1789.26,0.931082
1787.92,0.939599
1758.13,0.753024
1769.26,0.983061
1792.81,0.73828
1774.99,0.841208
1785.99,0.851868
1764.86,0.637933
1781.62,0.926916
1789.98,0.91374
1766.66,0.881275
1795.37,0.852962
1768.05,0.938377
1785.59,0.934895
1783.84,0.911788
1762.76,0.746864
1789.6,0.941726
1776.2,0.617552
1774.59,0.802987
1791.83,0.632031
1786.77,0.881234
1766.47,0.893597
1783.15,0.898973
1795.69,0.751646
1765.19,0.869746
1795.55,0.947808
1790.96,0.979166
1774.31,0.93046
1767.12,0.79285
1786.82,0.938465
1782.49,0.930559
1767.34,0.96012
1761.88,0.755963
1770.17,0.909249
1793.25,0.964899
1766.51,0.954861
1762.02,0.794389
1767.11,0.665017
1758.44,0.8166
1788.5,0.920085
1765.53,0.631056
1771.92,0.973123
1767.47,0.940341
1760.99,0.834459
1759.21,0.988248
1770.12,0.922607
1780.25,0.969718
1771.75,0.891174
1796.25,0.860339
1764.21,0.90541
1775.44,0.824183
1787.27,0.851502
1779.16,0.971843
1757.87,0.920535
1793.32,0.899024
1773.41,0.919419
1796.86,0.742452
1767.26,0.730786
1778.79,0.67093
1760.17,0.960453
1774.18,0.938715
1775.87,0.807778
1780.36,0.871793
1787.76,0.90546
1777.23,0.724694
1781.88,0.686007
1795.61,0.929862
1762.87,0.930146
1797.34,0.909189
1775.23,0.971281
1793.21,0.941409
1764.85,0.949317
1768.87,0.959385
1763.68,0.660898
1795.28,0.983209
1777.86,0.896202
1771.97,0.790308
1790.75,0.944752
1793.7,0.91612
1783.56,0.884998
1773.88,0.896694
1794.42,0.872802
1789.25,0.918708
1786.59,0.963937
1795.44,0.560385
1794.6,0.967616
1762.6,0.920046
1759.44,0.881653
1788.29,0.96338
1759.96,0.86367
1774.34,0.924727
1788.85,0.808571
1779.89,0.833936
1777.73,0.847453
1784.59,0.793406
1783.61,0.940696
1789.39,0.909062
1783.34,0.66498
1788.12,0.940616
1775.29,0.863808
1774.9,0.825293
1764.92,0.827691
1771.97,0.844744
1770.92,0.625927
1765.59,0.99292
1764.57,0.931886
1782.83,0.915684
1769.93,0.86774
1773.73,0.932317
1791.19,0.945869
1760.53,0.936331
1775.07,0.89606
1770.24,0.849315
1765.66,0.883388
1764.8,0.875222
1771.44,0.925377
1769.54,0.957828
1786.99,0.659594
1771.01,0.892193
1770.91,0.70977
1791.22,0.906245
1787.96,0.627955
1767.24,0.692704
1791.45,0.741678
1785.1,0.970818
1792.83,0.814051
1784.81,0.816822
1774.68,0.885884
1759.62,0.97811
1781.5,0.957882
1773.07,0.906634
1769.06,0.94046
1785.17,0.979241
1770.03,0.71224
1772.27,0.664795
1795.95,0.779695
1760.8,0.983494
1767.39,0.848974
1768.88,0.938875
1795.63,0.957162
1783.02,0.87212
1765.25,0.703839
1796.52,0.966872
1779.47,0.958872
1766.86,0.924752
1758.93,0.816813
1775.06,0.911098
1768.93,0.879639
1769.57,0.894737
1770.19,0.970102
1787.44,0.95327
1773.56,0.710159
1775.54,0.891029
1761.91,0.579319
1780.57,0.968006
1776.37,0.694493
1774.12,0.81354
1778.3,0.827119
1794.74,0.712593
1789.47,0.920648
1786.29,0.655404
1787.6,0.913727
1778.82,0.986143
1790.68,0.699665
1771.43,0.905333
1771.7,0.937254
1782.31,0.97652
1786.39,0.705308
1769.69,0.9691
1795.33,0.981196
1767.57,0.647293
1794.07,0.933955
1780.99,0.921888
1780.27,0.976819
1764.48,0.961416
1783.94,0.640173
1779.74,0.984269
1779.49,0.906558
1784.82,0.874166
1782.02,0.911108
1761.08,0.909702
1792.71,0.983446
1759.78,0.562977
1762.37,0.914314
1774.68,0.91019
1786.3,0.847117
1774.35,0.890678
1760.71,0.781495
1776.6,0.857981
1763.61,0.877159
1761.63,0.658123
1788.63,0.926465
1787.81,0.774175
1775.06,0.944747
1776.48,0.579685
1790.05,0.902301
1796.47,0.96986
1794.4,0.719103
1768.21,0.913057
1774.95,0.852351
1786.96,0.937918
1784.35,0.978502
1765.11,0.964054
1791.61,0.988228
1783.54,0.944098
1767.59,0.645783
1770.51,0.949933
1761.28,0.578617
1785.39,0.881859
1779.92,0.574362
1790.22,0.577673
1786.49,0.918228
1794.9,0.752392
1770.67,0.896312
1782.61,0.912573
1787.92,0.975758
1792.23,0.89511
1765.42,0.611346
1763.95,0.918572
1770.53,0.916879
1785.08,0.626795
1792.14,0.972901
1780.17,0.843576
1790.59,0.87985
1796.23,0.911497
1792.83,0.85546
1788.16,0.905944
1778.85,0.988644
1786.17,0.923387
1769.38,0.957585
1760.26,0.887117
1761.25,0.880121
1759.65,0.971295
1782.73,0.913492
1777.21,0.574085
1759.63,0.918582
1788.63,0.96508
1759.31,0.75395
1797.18,0.615806
1795.25,0.759096
1797.06,0.905135
1794.18,0.965478
1770.54,0.96445
1765.84,0.889892
1770.46,0.940368
1791.76,0.920579
1767.6,0.967787
1764.02,0.909673
1790.47,0.92589
1759.32,0.868462
1781.68,0.872037
1787.6,0.64376
1779.05,0.938433
1780.66,0.929626
1779.41,0.948615
1763.49,0.80646
1777.11,0.98794
1766.13,0.956952
1762.53,0.859228
1794.79,0.849911
1772.54,0.9083
1765.01,0.615392
1757.55,0.977321
1797.3,0.880801
1762.69,0.958166
1781.59,0.896562
1796.48,0.936627
1782.57,0.900375
1762.2,0.88977
1797.11,0.67984
1781.62,0.857325
1791.51,0.845026
1775.94,0.85623
1768.94,0.943865
1794.35,0.944252
1796.6,0.891752
1786.88,0.94083
1783.94,0.918995
1764.97,0.91165
1791.09,0.987056
1770.4,0.962855
1793.01,0.677165
1765.4,0.929804
1774.66,0.568755
1773.63,0.962008
1759.48,0.88389
1781.68,0.787826
1763.93,0.923626
1767.95,0.918328
1761.47,0.852718
1764.7,0.863329
1791.84,0.957575
1794.58,0.89726
1786.86,0.908496
1774.97,0.950526
1759.94,0.911188
1758.47,0.881985
1793.69,0.902865
1796.68,0.965162
1763.19,0.889838
1793.65,0.912738
1770.83,0.933265
1768.74,0.957582
1787.85,0.951865
1791.56,0.963807
1788.62,0.734757
1795.26,0.55542
1768.5,0.935543
1773.8,0.61468
1791.16,0.933479
1789.12,0.62025
1781.49,0.942501
1766.86,0.91709
1763.45,0.938636
1766.12,0.964229
1771.8,0.682845
1785.17,0.989789
1783.6,0.798345
1771.81,0.962616
1780.39,0.966591
1776.66,0.904414
1770.01,0.936957
1764.29,0.721507
1783.42,0.963431
1769.84,0.70443
1783.34,0.944797
1796.44,0.827689
1768.24,0.947641
1766.19,0.86018
1796.34,0.56296
1762.97,0.85074
1784.5,0.95513
1794.07,0.933769
1763.78,0.780937
1772.3,0.815681
1787.02,0.765428
1766.02,0.964102
1769.95,0.836836
1757.91,0.884422
1770.05,0.952419
1775.46,0.921974
1795.64,0.914196
1775.84,0.850482
1759.86,0.705367
1778.23,0.66141
1791.65,0.980131
1795.5,0.626063
1776.89,0.925092
1786.59,0.964986
1767.98,0.815111
1779.64,0.880067
1793.59,0.929155
1757.8,0.918666
1767.21,0.774571
1767.16,0.784908
1793.71,0.638179
1765.35,0.969133
1794.95,0.726067
1773.09,0.913152
1794.77,0.929864
1791.25,0.982968
1767.85,0.884393
1776.15,0.667528
1793.39,0.875516
1781.99,0.944166
1774.59,0.879504
1794.99,0.873321
1786.31,0.960616
1763.69,0.861836
1768.87,0.775515
1787.86,0.929471
1769.91,0.906407
1763.33,0.937928
1766.15,0.914106
1790.89,0.715116
1792.26,0.56436
1773.51,0.888679
1785.82,0.970167
1768.48,0.617832
1776.64,0.864732
1778.45,0.905988
1778.34,0.785164
1786.19,0.965754
1796.34,0.943443
1787.05,0.832105
1765.99,0.698535
1786.1,0.624819
1793.31,0.848985
1790.91,0.822311
1773.88,0.942519
1784.11,0.860379
1792.82,0.992182
1761.5,0.728432
1781.55,0.740549
1785.3,0.910836
1797.23,0.968023
1773.52,0.813495
1760.7,0.823899
1779.27,0.898923
1795.57,0.914233
1789.39,0.599209
1767.8,0.911231
1788.89,0.716604
1775.93,0.960803
1792.13,0.918764
1793.47,0.950424
1796.12,0.806262
1777.36,0.978119
1786.97,0.967746
1785.98,0.944394
1783.91,0.740927
1768.2,0.946569
1771.61,0.629878
1793.23,0.82415
1793.3,0.637142
1768.32,0.894836
1785.6,0.890646
1776.88,0.971728
1760.55,0.96054
1759.75,0.865395
1782.97,0.69154
1761.17,0.883594
1762.42,0.661651
1763.07,0.944263
1768.63,0.966425
1767.03,0.923319
1779.67,0.809314
1777.77,0.957042
1768.12,0.80565
1783.55,0.917301
1762.8,0.894765
1782.75,0.834055
1795.8,0.863734
1792.97,0.876915
1790.04,0.917571
1783.18,0.879242
1793.07,0.940605
1762.59,0.783466
1762.89,0.727156
1785.99,0.92896
1783.09,0.959423
1793.98,0.986829
1793.63,0.962421
1790.04,0.878153
1779.12,0.954345
1771,0.892848
1784.78,0.754968
1762.78,0.981846
1762.84,0.855192
1769.69,0.976576
1772.55,0.959259
1796.35,0.984624
1782.14,0.910203
1771.88,0.922127
1760.37,0.922227
1776.53,0.934647
1790.95,0.943482
1783.84,0.991299
1766.54,0.715075
1763.86,0.929488
1776.28,0.730105
1764.88,0.844413
1759.18,0.70174
1761.14,0.977819
1769.24,0.803085
1777.04,0.895492
1782.76,0.915498
1776.1,0.874398
1760.47,0.881987
1796.44,0.950857
1795.37,0.873791
1766.72,0.975666
1783.33,0.69422
1767.58,0.680363
1766.28,0.896225
1766.19,0.971974
1772.99,0.948152
1770.23,0.871799
1795.86,0.890458
1769.75,0.914724
1795.26,0.789529
1775.88,0.935613
1775.38,0.923565
1763.41,0.944861
1774.77,0.962282
1765.69,0.864779
1789.02,0.900594
1775.64,0.694175
1770.58,0.886104
1776.18,0.877573
1780.62,0.947931
1782.39,0.655618
1769.29,0.753944
1774.23,0.931349
1782.28,0.931088
1780.58,0.834849
1759.98,0.901635
1760.5,0.673211
1769.06,0.924457
1784.93,0.963047
1786.97,0.959336
1778.76,0.906808
1778.69,0.991928
1796.9,0.558078
1778.84,0.570677
1759.51,0.955648
1794.68,0.727189
1793.46,0.917548
1790.87,0.713347
1790.22,0.911459
1777.67,0.914556
1757.67,0.900711
1770.01,0.911264
1760.18,0.919134
1795.72,0.825605
1763.82,0.965718
1760.54,0.866507
1772.16,0.812819
1796.35,0.707348
1787,0.95613
1793.89,0.857293
1790.95,0.86342
1769.43,0.911153
1790.53,0.94681
1760.65,0.829482
1765.6,0.930062
1762.01,0.901071
1758.22,0.644891
1794.12,0.645048
1793.38,0.932762
1782.85,0.831608
1794.86,0.962079
1762.08,0.945822
1792.63,0.916435
1793.73,0.932327
1762.04,0.683636
1773.39,0.86344
1783.13,0.889459
1792.58,0.972818
1780.93,0.959107
1795.29,0.974399
1767.8,0.940283
1796.71,0.771112
1759.32,0.970945
1779.38,0.877151
1788.05,0.664865
1797.17,0.936726
1769.3,0.927496
1776.95,0.97483
1779.12,0.967347
1785.41,0.952185
1770.86,0.739032
1772.02,0.967447
1794.3,0.878694
1790.59,0.826651
1789.18,0.852406
1786.38,0.82396
1795.26,0.918042
1761.42,0.966472
1766.16,0.922297
1763.48,0.972264
1794.11,0.794853
1790.16,0.94031
1795.91,0.949089
1764.42,0.887426
1780.86,0.849873
1759.53,0.894703
1779.02,0.868455
1765.34,0.943544
1796.32,0.7024
1785.96,0.837007
1784.72,0.978544
1763.7,0.920981
1785.46,0.951898
1776.84,0.882572
1766.18,0.893189
1790.89,0.760188
1777.99,0.971261
1777.08,0.829273
1776.6,0.553078
1790.84,0.934974
1779.51,0.975729
1783.99,0.848517
1790.92,0.721283
1786.41,0.763178
1758.83,0.952756
1762.76,0.660183
1775.82,0.917382
1764.38,0.926709
1781.34,0.77449
1780.49,0.944909
1776.62,0.962494
1775,0.691229
1792.6,0.924175
1786.72,0.602352
1773.91,0.925493
1777.4,0.856163
1793.93,0.937184
1764.64,0.704336
1773,0.94543
1764.66,0.948187
1761.91,0.831176
1787.7,0.931676
1778.03,0.691195
1790.73,0.940611
1796.02,0.934261
1784.29,0.669949
1759.03,0.647085
1788.76,0.986193
1765.87,0.928004
1791.39,0.845706
1797.25,0.97261
1793.12,0.868583
1770.61,0.902098
1787.22,0.965063
1795.57,0.915544
1767.94,0.837768
1772.17,0.854938
1777.03,0.560323
1793.23,0.943835
1766.81,0.959745
1762.48,0.91512
1790.59,0.717709
1771.16,0.757992
1782.53,0.940304
1767.17,0.835138
1771.5,0.967984
1770.49,0.941346
1776.89,0.985766
1759.97,0.874045
1762.36,0.618936
1766.9,0.822918
1792.79,0.886516
1770.16,0.850494
1777.09,0.959719
1762.53,0.96554
1766.15,0.913656
1786.83,0.877661
1794.34,0.597484
1772.7,0.733363
1780.06,0.952986
1784.23,0.792399
1773.56,0.969447
1771.2,0.962694
1764.39,0.973938
1761.29,0.8171
1769.09,0.941847
1767.68,0.943498
1759.15,0.854554
1773.89,0.910377
1766.17,0.95926
1780.28,0.745634
1759.1,0.884716
1796.82,0.955197
1790.94,0.588471
1772.8,0.867522
1758.34,0.56803
1784.35,0.821163
1764.92,0.899367
1776.58,0.948526
1787.36,0.885622
1797.27,0.75102
1771.14,0.809571
1772.58,0.869109
1797.4,0.965895
1789.24,0.966201
1760.55,0.931317
1777.65,0.947359
1760.78,0.880742
1763.8,0.731042
1760.65,0.866248
1791.8,0.910544
1782.57,0.949824
1792.94,0.635421
1771.75,0.854016
1770.5,0.990698
1777.69,0.939614
1777.86,0.994293
1780.28,0.88926
1778.2,0.904243
1768.29,0.962737
1773.59,0.940685
1791.37,0.883238
1789.42,0.835627
1776.19,0.964455
1783.43,0.844979
1788.29,0.925151
1787.1,0.938321
1786.03,0.894094
1797.04,0.970526
1761.37,0.96509
1794.95,0.946517
1767.18,0.630947
1762.49,0.97062
1788.46,0.836928
1793.69,0.974526
1786.99,0.987105
1764.51,0.935467
1772.31,0.805607
1762.69,0.963587
1763.74,0.942095
1762.97,0.933396
1795,0.877514
1769.11,0.835265
1784.84,0.677091
1757.83,0.96384
1785.98,0.958779
1770.49,0.954429
1765.25,0.904025
1760.55,0.671178
1763.39,0.892928
1779.3,0.802138
1791,0.933226
1761.18,0.880793
1793.51,0.686563
1774.66,0.902456
1781.17,0.92139
1782.12,0.877024
1797.14,0.923914
1769.07,0.938527
1784.19,0.934055
1770.35,0.922683
1796.87,0.911395
1764.37,0.943548
1764.24,0.958645
1790.16,0.930058
1790.07,0.977312
1791.43,0.858334
1790.56,0.908201
1768,0.925566
1791.27,0.875473
1779.26,0.978152
1780.07,0.971258
1787.23,0.647258
1782.13,0.957151
1783.74,0.976321
1786.43,0.629839
1792.42,0.936793
1789.79,0.848199
1760.61,0.95715
1757.75,0.966019
1784.27,0.860363
1765.9,0.856376
1782.72,0.972576
1775.04,0.902545
1780.08,0.927314
1795.49,0.642563
1786.72,0.94068
1785.85,0.937992
1788.14,0.859043
1762.47,0.94267
1772.5,0.865471
1797.2,0.955143
1785.36,0.62098
1766.82,0.609519
1778.31,0.797643
1768.87,0.94296
1792.47,0.920128
1780.2,0.877011
1769.52,0.961479
1759.62,0.930645
1793.86,0.980672
1763.91,0.769778
1773.95,0.979309
1780.33,0.84318
1779.68,0.953681
1787.66,0.933619
1774.77,0.734817
1761.72,0.938805
1796.24,0.877945
1773.4,0.875104
1764.62,0.787649
1779.94,0.895504
1775.89,0.957073
1757.92,0.853718
1772.87,0.623517
1789.69,0.910143
1764.11,0.852684
1779.37,0.92597
1772.42,0.938421
1791.37,0.957192
1778.5,0.948824
1796.07,0.880571
1785.1,0.931204
1766.53,0.896772
1797.19,0.738916
1783.09,0.889028
1783.33,0.979643
1794.69,0.778129
1765.2,0.949702
1791.44,0.906029
1758.09,0.974423
1762.97,0.552798
1762.7,0.915569
1791.71,0.981015
1783.07,0.902967
1763.66,0.9507
1789.18,0.971526
1780.9,0.927225
1788.84,0.892824
1779.63,0.566756
1774.12,0.663787
1778.69,0.907708
1775.66,0.986031
1789.04,0.97863
1758.39,0.973395
1784.42,0.962707
1789.35,0.948172
1784.52,0.706348
1783.08,0.870714
1779.71,0.929773
1785.64,0.542153
1794.16,0.925771
1786.1,0.70412
1792.64,0.849997
1778.88,0.888863
1793.78,0.913267
1779.08,0.880317
1790.28,0.986383
1780.37,0.962724
1786.82,0.961235
1771.75,0.967611
1761.15,0.91822
1792.47,0.701496
1769.79,0.926755
1769.25,0.865087
1789.76,0.903282
1774.66,0.972964
1790.61,0.925357
1761.81,0.700777
1778.14,0.891879
1777.62,0.84565
1783.27,0.943776
1783.21,0.871028
1764.83,0.8088
1774.63,0.973833
1764.5,0.954557
1790.38,0.927409
1758.23,0.766267
1772.88,0.556522
1794.56,0.534258
1760.64,0.918217
1795.68,0.893291
1795.94,0.880814
1794.41,0.972636
1784.52,0.743263
1795.34,0.973512
1788.16,0.705598
1766.41,0.93666
1759.6,0.796212
1778.8,0.903365
1775.55,0.935592
